2019-05-07 01:05:53.999151_1,Halsey,Without Me,https://listen.hs.llnwd.net/g3/4/6/1/6/4/1446446164.mp3,Pop
2019-05-07 01:05:53.999151_2,Ariana Grande,7 rings,https://listen.hs.llnwd.net/g3/2/1/1/3/6/1479363112.mp3,Pop
2019-05-07 01:05:53.999151_3,Bebe Rexha,Meant to Be (feat. Florida Georgia Line),https://listen.hs.llnwd.net/g3/1/3/4/6/4/1420746431.mp3,Pop
2019-05-07 01:05:53.999151_4,Maroon 5,Girls Like You,https://listen.hs.llnwd.net/g3/8/5/2/0/9/1417790258.mp3,Pop
2019-05-07 01:05:53.999151_5,Taylor Swift,ME! (feat. Brendon Urie of Panic! At The Disco),https://listen.hs.llnwd.net/g3/7/0/8/3/7/1504073807.mp3,Pop
2019-05-07 01:05:53.999151_6,benny blanco Halsey Khalid,Eastside,https://listen.hs.llnwd.net/g3/2/1/5/7/7/1424977512.mp3,Pop
2019-05-07 01:05:53.999151_7,Ariana Grande,break up with your girlfriend i'm bored,https://listen.hs.llnwd.net/g3/6/1/1/3/6/1479363116.mp3,Pop
2019-05-07 01:05:53.999151_8,Jonas Brothers,Sucker,https://listen.hs.llnwd.net/g3/6/0/2/7/8/1486487206.mp3,Pop
2019-05-07 01:05:53.999151_9,Bruno Mars,That's What I Like,https://listen.hs.llnwd.net/g3/0/3/4/4/7/1411674430.mp3,Pop
2019-05-07 01:05:53.999151_10,Bruno Mars,24K Magic,https://listen.hs.llnwd.net/g3/4/1/5/4/7/1411674514.mp3,Pop
2019-05-07 01:05:53.999151_11,Mark Ronson,Uptown Funk,https://listen.hs.llnwd.net/g3/7/4/4/7/8/1138387447.mp3,Pop
2019-05-07 01:05:53.999151_12,Ariana Grande,thank u next,https://listen.hs.llnwd.net/g3/5/1/1/3/6/1479363115.mp3,Pop
2019-05-07 01:05:53.999151_13,5 Seconds Of Summer,Youngblood,https://listen.hs.llnwd.net/g3/4/6/6/9/2/1417929664.mp3,Pop
2019-05-07 01:05:53.999151_14,Flo Rida,My House,https://listen.hs.llnwd.net/g3/8/0/6/9/4/1325449608.mp3,Pop
2019-05-07 01:05:53.999151_15,James Arthur,Say You Won't Let Go,https://listen.hs.llnwd.net/g3/7/8/4/5/2/1299725487.mp3,Pop
2019-05-07 01:05:53.999151_16,Rihanna,Love On The Brain,https://listen.hs.llnwd.net/g3/1/8/2/0/5/1242150281.mp3,Pop
2019-05-07 01:05:53.999151_17,Camila Cabello,Havana,https://listen.hs.llnwd.net/g3/5/6/7/0/9/1384690765.mp3,Pop
2019-05-07 01:05:53.999151_18,Maroon 5,Sugar,https://listen.hs.llnwd.net/g3/8/9/0/4/7/1282774098.mp3,Pop
2019-05-07 01:05:53.999151_19,Adele,Hello,https://listen.hs.llnwd.net/g3/9/0/8/8/6/1272568809.mp3,Pop
2019-05-07 01:05:53.999151_20,Bazzi,Mine,https://listen.hs.llnwd.net/g3/3/2/2/5/2/1404225223.mp3,Pop
2019-05-07 01:05:53.999151_21,Charlie Puth,Attention,https://listen.hs.llnwd.net/g3/3/4/5/9/1/1409619543.mp3,Pop
2019-05-07 01:05:53.999151_22,Sam Smith & Normani,Dancing With A Stranger,https://listen.hs.llnwd.net/g3/7/8/1/8/0/1469108187.mp3,Pop
2019-05-07 01:05:53.999151_23,Demi Lovato,Sorry Not Sorry,https://listen.hs.llnwd.net/g3/8/7/5/7/5/1360857578.mp3,Pop
2019-05-07 01:05:53.999151_24,Adele,Rolling In The Deep,https://listen.hs.llnwd.net/g1/0/2/4/2/7/1020972420.mp3,Pop
2019-05-07 01:05:53.999151_25,Maroon 5,What Lovers Do,https://listen.hs.llnwd.net/g3/6/0/3/0/3/1471830306.mp3,Pop
2019-05-07 01:05:53.999151_26,Michael Jackson,Billie Jean,https://listen.hs.llnwd.net/g2/7/7/5/6/5/928256577.mp3,Pop
2019-05-07 01:05:53.999151_27,Dua Lipa,New Rules,https://listen.hs.llnwd.net/g3/2/3/4/0/7/1471770432.mp3,Pop
2019-05-07 01:05:53.999151_28,Lukas Graham,7 Years,https://listen.hs.llnwd.net/g3/9/8/0/6/4/1252546089.mp3,Pop
2019-05-07 01:05:53.999151_29,Liam Payne,Strip That Down,https://listen.hs.llnwd.net/g3/1/5/8/2/3/1337732851.mp3,Pop
2019-05-07 01:05:53.999151_30,Taylor Swift,Delicate,https://listen.hs.llnwd.net/g3/8/0/3/6/4/1378246308.mp3,Pop
2019-05-07 01:05:53.999151_31,Pink,Just Give Me A Reason,https://listen.hs.llnwd.net/g3/1/5/0/5/1/1073715051.mp3,Pop
2019-05-07 01:05:53.999151_32,Bruno Mars,Just The Way You Are,https://listen.hs.llnwd.net/g3/6/4/6/9/1/1325419646.mp3,Pop
2019-05-07 01:05:53.999151_33,Ariana Grande,Side To Side featuring Nicki Minaj,https://listen.hs.llnwd.net/g3/4/5/2/6/9/1265796254.mp3,Pop
2019-05-07 01:05:53.999151_34,Katy Perry,Dark Horse featuring Juicy J,https://listen.hs.llnwd.net/g1/7/8/1/5/2/1032925187.mp3,Pop
2019-05-07 01:05:53.999151_35,Rihanna,Needed Me,https://listen.hs.llnwd.net/g3/0/1/8/2/5/1283552810.mp3,Pop
2019-05-07 01:05:53.999151_36,Lorde,Royals,https://listen.hs.llnwd.net/g1/3/4/8/7/8/1019987843.mp3,Pop
2019-05-07 01:05:53.999151_37,Adele,Someone Like You,https://listen.hs.llnwd.net/g3/7/0/3/1/7/1282571307.mp3,Pop
2019-05-07 01:05:53.999151_38,Shawn Mendes,There's Nothing Holdin' Me Back,https://listen.hs.llnwd.net/g3/0/8/8/2/3/1333432880.mp3,Pop
2019-05-07 01:05:53.999151_39,Bruno Mars,When I Was Your Man,https://listen.hs.llnwd.net/g3/1/1/6/4/3/1283434611.mp3,Pop
2019-05-07 01:05:53.999151_40,Camila Cabello,Never Be the Same,https://listen.hs.llnwd.net/g3/5/3/7/0/9/1384690735.mp3,Pop
2019-05-07 01:05:53.999151_41,Lady Gaga,Poker Face,https://listen.hs.llnwd.net/g1/7/9/1/8/4/1041448197.mp3,Pop
2019-05-07 01:05:53.999151_42,Taylor Swift,Shake It Off,https://listen.hs.llnwd.net/g3/3/4/3/2/2/1426022343.mp3,Pop
2019-05-07 01:05:53.999151_43,Ariana Grande,God is a woman,https://listen.hs.llnwd.net/g3/4/2/1/6/4/1434746124.mp3,Pop
2019-05-07 01:05:53.999151_44,Imagine Dragons,Thunder,https://listen.hs.llnwd.net/g3/5/8/8/3/9/1348993885.mp3,Pop
2019-05-07 01:05:53.999151_45,Ariana Grande,Breathin,https://listen.hs.llnwd.net/g3/8/1/1/6/4/1434746118.mp3,Pop
2019-05-07 01:05:53.999151_46,Taylor Swift,Look What You Made Me Do,https://listen.hs.llnwd.net/g3/1/5/2/6/4/1378246251.mp3,Pop
2019-05-07 01:05:53.999151_47,Elton John,Rocket Man,https://listen.hs.llnwd.net/g1/7/0/8/5/5/107255807.mp3,Pop
2019-05-07 01:05:53.999151_48,Maroon 5,Moves Like Jagger featuring Christina Aguilera (Studio Recording From The Voice Performance),https://listen.hs.llnwd.net/g1/8/2/4/1/0/984501428.mp3,Pop
2019-05-07 01:05:53.999151_49,Bruno Mars,Finesse (Remix) [feat. Cardi B],https://listen.hs.llnwd.net/g3/9/7/9/6/7/1384076979.mp3,Pop
2019-05-07 01:05:53.999151_50,Lizzo,Truth Hurts,,Pop
2019-05-07 01:05:53.999151_51,Pitbull,Timber,https://listen.hs.llnwd.net/g3/6/7/9/5/1/1073615976.mp3,Pop
2019-05-07 01:05:53.999151_52,Justin Bieber,Love Yourself,https://listen.hs.llnwd.net/g3/1/6/3/9/3/1282139361.mp3,Pop
2019-05-07 01:05:53.999151_53,Elton John,Tiny Dancer,https://listen.hs.llnwd.net/g1/3/7/4/6/4/1042446473.mp3,Pop
2019-05-07 01:05:53.999151_54,Jason Mraz,I'm Yours,https://listen.hs.llnwd.net/g3/7/8/7/3/6/1325463787.mp3,Pop
2019-05-07 01:05:53.999151_55,Shawn Mendes,Stitches,https://listen.hs.llnwd.net/g3/8/9/2/9/6/1221269298.mp3,Pop
2019-05-07 01:05:53.999151_56,Katy Perry,Roar,https://listen.hs.llnwd.net/g3/9/3/2/5/8/1282985239.mp3,Pop
2019-05-07 01:05:53.999151_57,Niall Horan,Slow Hands,https://listen.hs.llnwd.net/g3/9/4/9/9/6/1366469949.mp3,Pop
2019-05-07 01:05:53.999151_58,Rihanna,Stay featuring Mikky Ekko (Album Version (Explicit)),https://listen.hs.llnwd.net/g1/1/7/2/6/4/1038546271.mp3,Pop
2019-05-07 01:05:53.999151_59,Pink,Walk Me Home,https://listen.hs.llnwd.net/g3/5/2/4/3/4/1503043425.mp3,Pop
2019-05-07 01:05:53.999151_60,Rihanna,Work featuring Drake,https://listen.hs.llnwd.net/g3/1/3/3/0/5/1242150331.mp3,Pop
2019-05-07 01:05:53.999151_61,Justin Timberlake,Say Something,https://listen.hs.llnwd.net/g3/1/0/7/9/0/1388909701.mp3,Pop
2019-05-07 01:05:53.999151_62,Calvin Harris,This Is What You Came For (feat Rihanna),https://listen.hs.llnwd.net/g3/9/4/2/2/4/1330342249.mp3,Pop
2019-05-07 01:05:53.999151_63,Justin Timberlake,"Can't Stop the Feeling! (Original Song from DreamWorks Animation's ""TROLLS"")",https://listen.hs.llnwd.net/g3/7/4/7/3/4/1278143747.mp3,Pop
2019-05-07 01:05:53.999151_64,OneRepublic,Counting Stars,https://listen.hs.llnwd.net/g3/1/5/2/9/9/1282999251.mp3,Pop
2019-05-07 01:05:53.999151_65,Lady Gaga,Million Reasons,https://listen.hs.llnwd.net/g3/5/9/8/3/6/1295663895.mp3,Pop
2019-05-07 01:05:53.999151_66,Rachel Platten,Fight Song,https://listen.hs.llnwd.net/g3/0/5/2/6/5/1231256250.mp3,Pop
2019-05-07 01:05:53.999151_67,Shawn Mendes,If I Can't Have You,https://listen.hs.llnwd.net/g3/8/1/5/2/3/1505732518.mp3,Pop
2019-05-07 01:05:53.999151_68,Adele,Set Fire To The Rain,https://listen.hs.llnwd.net/g1/7/4/3/9/2/1041829347.mp3,Pop
2019-05-07 01:05:53.999151_69,Bebe Rexha,I'm a Mess,https://listen.hs.llnwd.net/g3/0/4/5/3/8/1421183540.mp3,Pop
2019-05-07 01:05:53.999151_70,Avicii,Wake Me Up,https://listen.hs.llnwd.net/g3/2/9/2/2/3/1283532292.mp3,Pop
2019-05-07 01:05:53.999151_71,Michael Jackson,P.Y.T. (Pretty Young Thing),https://listen.hs.llnwd.net/g3/9/1/0/4/4/1281944019.mp3,Pop
2019-05-07 01:05:53.999151_72,Neil Diamond,Sweet Caroline,https://listen.hs.llnwd.net/g3/8/0/2/9/2/1283429208.mp3,Pop
2019-05-07 01:05:53.999151_73,Calvin Harris,Feels,https://listen.hs.llnwd.net/g3/9/1/4/6/5/1345356419.mp3,Pop
2019-05-07 01:05:53.999151_74,Bruno Mars,Grenade,https://listen.hs.llnwd.net/g3/0/1/3/5/1/1325415310.mp3,Pop
2019-05-07 01:05:53.999151_75,Taylor Swift,Blank Space,https://listen.hs.llnwd.net/g3/7/8/4/2/2/1426022487.mp3,Pop
2019-05-07 01:05:53.999151_76,Taylor Swift,...Ready For It?,https://listen.hs.llnwd.net/g3/8/5/6/6/4/1378246658.mp3,Pop
2019-05-07 01:05:53.999151_77,Jessie J,Bang Bang,https://listen.hs.llnwd.net/g3/7/2/4/3/8/1117483427.mp3,Pop
2019-05-07 01:05:53.999151_78,Kesha,Praying,https://listen.hs.llnwd.net/g3/4/4/4/8/0/1351908444.mp3,Pop
2019-05-07 01:05:53.999151_79,Backstreet Boys,I Want It That Way,https://listen.hs.llnwd.net/g3/6/3/2/2/6/1282562236.mp3,Pop
2019-05-07 01:05:53.999151_80,Elton John,Bennie And The Jets,https://listen.hs.llnwd.net/g2/9/7/7/3/7/921773779.mp3,Pop
2019-05-07 01:05:53.999151_81,Adele,Send My Love (To Your New Lover),https://listen.hs.llnwd.net/g3/5/1/8/8/6/1272568815.mp3,Pop
2019-05-07 01:05:53.999151_82,Justin Bieber,Sorry,https://listen.hs.llnwd.net/g3/7/8/7/7/5/1220457787.mp3,Pop
2019-05-07 01:05:53.999151_83,Ariana Grande,needy,https://listen.hs.llnwd.net/g3/8/5/2/3/6/1479363258.mp3,Pop
2019-05-07 01:05:53.999151_84,Marshmello & CHVRCHES,Here With Me,https://listen.hs.llnwd.net/g3/4/4/7/5/6/1488865744.mp3,Pop
2019-05-07 01:05:53.999151_85,Maroon 5,Animals,https://listen.hs.llnwd.net/g3/2/3/2/3/3/1174933232.mp3,Pop
2019-05-07 01:05:53.999151_86,Ariana Grande,No Tears Left To Cry,https://listen.hs.llnwd.net/g3/3/2/1/6/4/1434746123.mp3,Pop
2019-05-07 01:05:53.999151_87,Bazzi,Beautiful (feat. Camila Cabello),https://listen.hs.llnwd.net/g3/7/1/7/7/5/1431457717.mp3,Pop
2019-05-07 01:05:53.999151_88,Michael Jackson,Beat It,https://listen.hs.llnwd.net/g2/0/7/3/6/5/928256370.mp3,Pop
2019-05-07 01:05:53.999151_89,Meghan Trainor,All About That Bass,https://listen.hs.llnwd.net/g3/7/3/1/5/3/1281935137.mp3,Pop
2019-05-07 01:05:53.999151_90,Pink,"Just Like Fire (From the Original Motion Picture ""Alice Through The Looking Glass"")",https://listen.hs.llnwd.net/g3/3/5/2/3/0/1282303253.mp3,Pop
2019-05-07 01:05:53.999151_91,Pink,Hurts 2B Human,https://listen.hs.llnwd.net/g3/6/8/9/1/4/1503041986.mp3,Pop
2019-05-07 01:05:53.999151_92,Sam Smith,Too Good At Goodbyes,https://listen.hs.llnwd.net/g3/2/9/3/3/3/1432133392.mp3,Pop
2019-05-07 01:05:53.999151_93,Miley Cyrus,Party In The U.S.A.,https://listen.hs.llnwd.net/g3/5/3/7/2/4/1281942735.mp3,Pop
2019-05-07 01:05:53.999151_94,Sam Smith,Stay With Me,https://listen.hs.llnwd.net/g3/1/8/4/9/3/1218039481.mp3,Pop
2019-05-07 01:05:53.999151_95,Pink,Hustle,https://listen.hs.llnwd.net/g3/6/8/0/2/4/1503042086.mp3,Pop
2019-05-07 01:05:53.999151_96,Lady Gaga,Bad Romance,https://listen.hs.llnwd.net/g3/3/1/2/5/0/1283405213.mp3,Pop
2019-05-07 01:05:53.999151_97,Shawn Mendes,In My Blood,https://listen.hs.llnwd.net/g3/9/1/3/3/1/1412513319.mp3,Pop
2019-05-07 01:05:53.999151_98,Pink,What About Us,https://listen.hs.llnwd.net/g3/3/8/5/0/2/1371420583.mp3,Pop
2019-05-07 01:05:53.999151_99,Alessia Cara,Scars To Your Beautiful,https://listen.hs.llnwd.net/g3/8/8/6/0/3/1219430688.mp3,Pop
2019-05-07 01:05:53.999151_100,Ariana Grande,NASA,https://listen.hs.llnwd.net/g3/2/5/2/3/6/1479363252.mp3,Pop
2019-05-07 01:05:54.913154_1,Ed Sheeran,Shape of You,https://listen.hs.llnwd.net/g3/1/9/3/0/1/1470710391.mp3,Rock
2019-05-07 01:05:54.913154_2,Eagles,Hotel California,https://listen.hs.llnwd.net/g3/5/2/2/5/9/1365795225.mp3,Rock
2019-05-07 01:05:54.913154_3,Ed Sheeran,Perfect,https://listen.hs.llnwd.net/g3/7/0/6/0/1/1470710607.mp3,Rock
2019-05-07 01:05:54.913154_4,AC/DC,Thunderstruck,https://listen.hs.llnwd.net/g3/4/6/9/1/3/1185531964.mp3,Rock
2019-05-07 01:05:54.913154_5,Queen,Bohemian Rhapsody,https://listen.hs.llnwd.net/g3/3/3/1/8/4/1426348133.mp3,Rock
2019-05-07 01:05:54.913154_6,Queen,We Will Rock You,https://listen.hs.llnwd.net/g3/2/5/3/2/8/1282582352.mp3,Rock
2019-05-07 01:05:54.913154_7,Journey,Don't Stop Believin',https://listen.hs.llnwd.net/g2/3/3/1/4/9/917294133.mp3,Rock
2019-05-07 01:05:54.913154_8,Ed Sheeran,Thinking Out Loud,https://listen.hs.llnwd.net/g3/2/3/1/5/8/1088985132.mp3,Rock
2019-05-07 01:05:54.913154_9,Queen,Another One Bites The Dust,https://listen.hs.llnwd.net/g3/5/0/0/7/3/1283537005.mp3,Rock
2019-05-07 01:05:54.913154_10,Dean Lewis,Be Alright,https://listen.hs.llnwd.net/g3/6/4/1/2/4/1491942146.mp3,Rock
2019-05-07 01:05:54.913154_11,Disturbed,The Sound Of Silence,https://listen.hs.llnwd.net/g3/2/6/6/6/7/1325776662.mp3,Rock
2019-05-07 01:05:54.913154_12,AC/DC,Back in Black,https://listen.hs.llnwd.net/g3/0/2/5/6/3/1281936520.mp3,Rock
2019-05-07 01:05:54.913154_13,Guns N' Roses,Sweet Child O' Mine,https://listen.hs.llnwd.net/g3/1/1/5/4/5/1282654511.mp3,Rock
2019-05-07 01:05:54.913154_14,AC/DC,You Shook Me All Night Long,https://listen.hs.llnwd.net/g3/2/6/2/1/3/1185531262.mp3,Rock
2019-05-07 01:05:54.913154_15,Queen,Under Pressure,https://listen.hs.llnwd.net/g3/9/7/8/7/4/1426347879.mp3,Rock
2019-05-07 01:05:54.913154_16,Aerosmith,Dream On,https://listen.hs.llnwd.net/g3/7/1/6/7/7/1072977617.mp3,Rock
2019-05-07 01:05:54.913154_17,Toto,Africa,https://listen.hs.llnwd.net/g3/2/3/6/3/2/1363623632.mp3,Rock
2019-05-07 01:05:54.913154_18,Queen,Don't Stop Me Now,https://listen.hs.llnwd.net/g3/7/7/2/4/5/1284154277.mp3,Rock
2019-05-07 01:05:54.913154_19,3 Doors Down,Kryptonite,https://listen.hs.llnwd.net/g3/2/0/5/8/4/1249248502.mp3,Rock
2019-05-07 01:05:54.913154_20,Kid Rock,All Summer Long,https://listen.hs.llnwd.net/g3/5/6/1/0/7/1282970165.mp3,Rock
2019-05-07 01:05:54.913154_21,AC/DC,Highway to Hell,https://listen.hs.llnwd.net/g3/6/4/6/4/2/1283424646.mp3,Rock
2019-05-07 01:05:54.913154_22,Queen,Somebody To Love,https://listen.hs.llnwd.net/g3/8/3/2/9/7/1282579238.mp3,Rock
2019-05-07 01:05:54.913154_23,Evanescence,Bring Me To Life,https://listen.hs.llnwd.net/g3/0/7/5/6/9/1281596570.mp3,Rock
2019-05-07 01:05:54.913154_24,Fleetwood Mac,Dreams,https://listen.hs.llnwd.net/g3/3/5/6/1/3/1403531653.mp3,Rock
2019-05-07 01:05:54.913154_25,Eagles,Take It Easy,https://listen.hs.llnwd.net/g3/3/3/3/7/7/1282777333.mp3,Rock
2019-05-07 01:05:54.913154_26,Queen,Fat Bottomed Girls,https://listen.hs.llnwd.net/g1/9/4/7/1/8/837781749.mp3,Rock
2019-05-07 01:05:54.913154_27,Kansas,Carry On Wayward Son,https://listen.hs.llnwd.net/g1/7/8/7/1/0/1007401787.mp3,Rock
2019-05-07 01:05:54.913154_28,Guns N' Roses,Welcome To The Jungle,https://listen.hs.llnwd.net/g3/9/4/3/4/5/1282654349.mp3,Rock
2019-05-07 01:05:54.913154_29,Creedence Clearwater Revival,Have You Ever Seen The Rain?,https://listen.hs.llnwd.net/g3/8/3/9/4/0/1283404938.mp3,Rock
2019-05-07 01:05:54.913154_30,Queen,We Are The Champions,https://listen.hs.llnwd.net/g3/6/0/3/0/9/1282090306.mp3,Rock
2019-05-07 01:05:54.913154_31,Blue Swede,Hooked on a Feeling,https://listen.hs.llnwd.net/g3/3/9/0/9/6/1378269093.mp3,Rock
2019-05-07 01:05:54.913154_32,Hozier,Take Me to Church,https://listen.hs.llnwd.net/g3/5/3/6/4/8/1430684635.mp3,Rock
2019-05-07 01:05:54.913154_33,Boston,More Than A Feeling,https://listen.hs.llnwd.net/g3/5/2/3/8/1/1281818325.mp3,Rock
2019-05-07 01:05:54.913154_34,Led Zeppelin,Immigrant Song,https://listen.hs.llnwd.net/g3/1/0/3/5/5/1245355301.mp3,Rock
2019-05-07 01:05:54.913154_35,Tom Petty,Free Fallin',https://listen.hs.llnwd.net/g1/8/9/5/9/4/1041949598.mp3,Rock
2019-05-07 01:05:54.913154_36,The Rolling Stones,Gimme Shelter,https://listen.hs.llnwd.net/g1/6/5/8/4/0/244404856.mp3,Rock
2019-05-07 01:05:54.913154_37,Nickelback,Rockstar,https://listen.hs.llnwd.net/g2/5/2/5/1/9/941191525.mp3,Rock
2019-05-07 01:05:54.913154_38,Red Hot Chili Peppers,Under The Bridge,https://listen.hs.llnwd.net/g3/9/7/7/2/7/1292272779.mp3,Rock
2019-05-07 01:05:54.913154_39,Queen,Killer Queen,https://listen.hs.llnwd.net/g1/6/5/6/1/8/837781656.mp3,Rock
2019-05-07 01:05:54.913154_40,Creedence Clearwater Revival,Fortunate Son,https://listen.hs.llnwd.net/g3/6/3/4/5/8/1282585436.mp3,Rock
2019-05-07 01:05:54.913154_41,Goo Goo Dolls,Iris,https://listen.hs.llnwd.net/g3/0/2/9/2/6/1282562920.mp3,Rock
2019-05-07 01:05:54.913154_42,Creedence Clearwater Revival,Bad Moon Rising,https://listen.hs.llnwd.net/g1/5/4/0/8/3/172138045.mp3,Rock
2019-05-07 01:05:54.913154_43,The Beatles,Here Comes The Sun (Remastered),https://listen.hs.llnwd.net/g3/4/6/3/9/0/1426009364.mp3,Rock
2019-05-07 01:05:54.913154_44,3 Doors Down,Here Without You,https://listen.hs.llnwd.net/g3/3/7/0/2/0/1282302073.mp3,Rock
2019-05-07 01:05:54.913154_45,Led Zeppelin,Stairway To Heaven,https://listen.hs.llnwd.net/g3/6/8/6/9/9/1121099686.mp3,Rock
2019-05-07 01:05:54.913154_46,Tom Petty,Mary Jane's Last Dance (1993 Greatest Hits Album Version),https://listen.hs.llnwd.net/g3/2/0/5/0/8/1282580502.mp3,Rock
2019-05-07 01:05:54.913154_47,Tom Petty,American Girl,https://listen.hs.llnwd.net/g1/2/4/3/4/1/1041914342.mp3,Rock
2019-05-07 01:05:54.913154_48,Five Finger Death Punch,Bad Company,https://listen.hs.llnwd.net/g3/9/7/9/7/6/1382267979.mp3,Rock
2019-05-07 01:05:54.913154_49,Guns N' Roses,Paradise City,https://listen.hs.llnwd.net/g3/7/1/5/4/5/1282654517.mp3,Rock
2019-05-07 01:05:54.913154_50,Nickelback,How You Remind Me,https://listen.hs.llnwd.net/g3/2/4/9/7/1/1332217942.mp3,Rock
2019-05-07 01:05:54.913154_51,AC/DC,Hells Bells,https://listen.hs.llnwd.net/g3/4/8/5/1/3/1185531584.mp3,Rock
2019-05-07 01:05:54.913154_52,Fleetwood Mac,Landslide,https://listen.hs.llnwd.net/g3/8/7/9/0/3/1403530978.mp3,Rock
2019-05-07 01:05:54.913154_53,Linkin Park,Bleed It Out,https://listen.hs.llnwd.net/g3/3/1/8/2/4/1283442813.mp3,Rock
2019-05-07 01:05:54.913154_54,Ed Sheeran,Castle on the Hill,https://listen.hs.llnwd.net/g3/4/0/6/0/1/1470710604.mp3,Rock
2019-05-07 01:05:54.913154_55,Survivor,Eye Of The Tiger,https://listen.hs.llnwd.net/g3/3/7/7/7/6/1282967773.mp3,Rock
2019-05-07 01:05:54.913154_56,The Rolling Stones,Sympathy For The Devil,https://listen.hs.llnwd.net/g1/5/0/8/5/0/244405805.mp3,Rock
2019-05-07 01:05:54.913154_57,Billy Joel,Piano Man,https://listen.hs.llnwd.net/g3/2/4/8/7/2/1300527842.mp3,Rock
2019-05-07 01:05:54.913154_58,The Cranberries,Zombie,https://listen.hs.llnwd.net/g3/2/7/8/0/9/1282090872.mp3,Rock
2019-05-07 01:05:54.913154_59,Red Hot Chili Peppers,Californication,https://listen.hs.llnwd.net/g1/5/8/1/8/4/990748185.mp3,Rock
2019-05-07 01:05:54.913154_60,Train,Drops Of Jupiter,https://listen.hs.llnwd.net/g1/8/2/4/3/2/245523428.mp3,Rock
2019-05-07 01:05:54.913154_61,Passenger,Let Her Go,https://listen.hs.llnwd.net/g3/0/7/4/1/2/1329821470.mp3,Rock
2019-05-07 01:05:54.913154_62,Bad Wolves,Zombie,https://listen.hs.llnwd.net/g3/5/2/0/4/2/1386724025.mp3,Rock
2019-05-07 01:05:54.913154_63,Tom Petty,I Won't Back Down,https://listen.hs.llnwd.net/g1/7/3/8/9/4/1041949837.mp3,Rock
2019-05-07 01:05:54.913154_64,Journey,Faithfully,https://listen.hs.llnwd.net/g3/1/8/3/7/8/1054887381.mp3,Rock
2019-05-07 01:05:54.913154_65,The Lumineers,Ho Hey,https://listen.hs.llnwd.net/g3/0/0/7/6/0/1283406700.mp3,Rock
2019-05-07 01:05:54.913154_66,Lynyrd Skynyrd,Sweet Home Alabama,https://listen.hs.llnwd.net/g3/2/6/9/3/9/1348893962.mp3,Rock
2019-05-07 01:05:54.913154_67,Maroon 5,She Will Be Loved,https://listen.hs.llnwd.net/g3/3/4/7/0/3/1283530743.mp3,Rock
2019-05-07 01:05:54.913154_68,Journey,Separate Ways (worlds Apart),https://listen.hs.llnwd.net/g1/8/5/2/7/9/385097258.mp3,Rock
2019-05-07 01:05:54.913154_69,Elle King,Ex's & Oh's,https://listen.hs.llnwd.net/g3/0/6/9/5/2/1281925960.mp3,Rock
2019-05-07 01:05:54.913154_70,Lynyrd Skynyrd,Free Bird,https://listen.hs.llnwd.net/g1/2/7/5/6/3/1042636572.mp3,Rock
2019-05-07 01:05:54.913154_71,Fleetwood Mac,The Chain,https://listen.hs.llnwd.net/g3/4/9/3/0/2/1281820394.mp3,Rock
2019-05-07 01:05:54.913154_72,Red Hot Chili Peppers,Snow (Hey Oh),https://listen.hs.llnwd.net/g1/9/7/1/2/5/990752179.mp3,Rock
2019-05-07 01:05:54.913154_73,Queen,Radio Ga Ga,https://listen.hs.llnwd.net/g3/8/9/0/8/4/1426348098.mp3,Rock
2019-05-07 01:05:54.913154_74,The Fray,How to Save A Life,https://listen.hs.llnwd.net/g3/0/1/1/2/7/1282572110.mp3,Rock
2019-05-07 01:05:54.913154_75,Bob Seger,Night Moves,https://listen.hs.llnwd.net/g3/4/0/6/4/1/1342814604.mp3,Rock
2019-05-07 01:05:54.913154_76,Five Finger Death Punch,Jekyll And Hyde,https://listen.hs.llnwd.net/g3/5/6/1/5/4/1382245165.mp3,Rock
2019-05-07 01:05:54.913154_77,Queen,Crazy Little Thing Called Love,https://listen.hs.llnwd.net/g3/1/3/3/0/3/1281830331.mp3,Rock
2019-05-07 01:05:54.913154_78,Electric Light Orchestra,Mr. Blue Sky,https://listen.hs.llnwd.net/g3/7/3/0/9/6/1282769037.mp3,Rock
2019-05-07 01:05:54.913154_79,AC/DC,T.N.T.,https://listen.hs.llnwd.net/g3/4/1/5/1/9/1284191514.mp3,Rock
2019-05-07 01:05:54.913154_80,Jimi Hendrix,All Along The Watchtower,https://listen.hs.llnwd.net/g1/0/5/0/9/5/245559050.mp3,Rock
2019-05-07 01:05:54.913154_81,Pink Floyd,Comfortably Numb,https://listen.hs.llnwd.net/g3/6/8/0/0/0/1282100086.mp3,Rock
2019-05-07 01:05:54.913154_82,Fleetwood Mac,Rhiannon,https://listen.hs.llnwd.net/g3/3/7/6/1/3/1403531673.mp3,Rock
2019-05-07 01:05:54.913154_83,Five Finger Death Punch,House Of The Rising Sun,https://listen.hs.llnwd.net/g3/2/7/6/1/9/1352591672.mp3,Rock
2019-05-07 01:05:54.913154_84,Ed Sheeran,Photograph,https://listen.hs.llnwd.net/g3/0/5/9/5/0/1283405950.mp3,Rock
2019-05-07 01:05:54.913154_85,The Beatles,Come Together (Remastered),https://listen.hs.llnwd.net/g3/7/9/7/9/0/1426009797.mp3,Rock
2019-05-07 01:05:54.913154_86,Eagles,Desperado,https://listen.hs.llnwd.net/g3/3/2/5/9/9/1282299523.mp3,Rock
2019-05-07 01:05:54.913154_87,The Outfield,Your Love,https://listen.hs.llnwd.net/g3/0/0/0/4/4/1283444000.mp3,Rock
2019-05-07 01:05:54.913154_88,Vance Joy,Riptide,https://listen.hs.llnwd.net/g3/1/2/3/2/7/1193172321.mp3,Rock
2019-05-07 01:05:54.913154_89,Journey,Any Way You Want it,https://listen.hs.llnwd.net/g3/5/7/4/5/6/1282565475.mp3,Rock
2019-05-07 01:05:54.913154_90,Fleetwood Mac,Gypsy,https://listen.hs.llnwd.net/g3/2/8/7/1/3/1403531782.mp3,Rock
2019-05-07 01:05:54.913154_91,The Rolling Stones,Paint It Black,https://listen.hs.llnwd.net/g2/4/3/6/9/0/953309634.mp3,Rock
2019-05-07 01:05:54.913154_92,Van Morrison,Into The Mystic,https://listen.hs.llnwd.net/g3/8/6/8/5/0/1371605868.mp3,Rock
2019-05-07 01:05:54.913154_93,Seether,Broken (Ft Amy Lee),https://listen.hs.llnwd.net/g3/1/0/7/7/7/1282977701.mp3,Rock
2019-05-07 01:05:54.913154_94,Eagles,Peaceful Easy Feeling,https://listen.hs.llnwd.net/g3/8/7/3/7/7/1282777378.mp3,Rock
2019-05-07 01:05:54.913154_95,Matchbox Twenty,3 a.m.,https://listen.hs.llnwd.net/g1/4/6/2/5/0/1041405264.mp3,Rock
2019-05-07 01:05:54.913154_96,Blue Oyster Cult,(Don't Fear) The Reaper,https://listen.hs.llnwd.net/g3/0/5/8/6/6/1276866850.mp3,Rock
2019-05-07 01:05:54.913154_97,AC/DC,Shoot to Thrill,https://listen.hs.llnwd.net/g3/6/8/5/1/3/1185531586.mp3,Rock
2019-05-07 01:05:54.913154_98,Three Days Grace,I Hate Everything About You,https://listen.hs.llnwd.net/g1/6/2/4/6/2/1042526426.mp3,Rock
2019-05-07 01:05:54.913154_99,Eagles,One Of These Nights,https://listen.hs.llnwd.net/g3/9/6/3/9/1/1281819369.mp3,Rock
2019-05-07 01:05:54.913154_100,The Lumineers,Ophelia,https://listen.hs.llnwd.net/g3/3/2/8/7/1/1281817823.mp3,Rock
2019-05-07 01:05:55.949872_1,Lil Nas X,Old Town Road,https://listen.hs.llnwd.net/g3/1/8/2/6/0/1498106281.mp3,Hip-Hop
2019-05-07 01:05:55.949872_2,Post Malone,Wow.,https://listen.hs.llnwd.net/g3/8/5/1/2/5/1467052158.mp3,Hip-Hop
2019-05-07 01:05:55.949872_3,J. Cole,MIDDLE CHILD,https://listen.hs.llnwd.net/g3/8/4/0/5/6/1474865048.mp3,Hip-Hop
2019-05-07 01:05:55.949872_4,Meek Mill,Going Bad (feat. Drake),https://listen.hs.llnwd.net/g3/9/3/6/8/3/1460938639.mp3,Hip-Hop
2019-05-07 01:05:55.949872_5,Travis Scott,SICKO MODE,https://listen.hs.llnwd.net/g3/9/7/0/7/5/1496157079.mp3,Hip-Hop
2019-05-07 01:05:55.949872_6,Post Malone,Better Now,https://listen.hs.llnwd.net/g3/1/0/8/1/1/1406911801.mp3,Hip-Hop
2019-05-07 01:05:55.949872_7,Post Malone,Psycho,https://listen.hs.llnwd.net/g3/1/1/7/1/1/1406911711.mp3,Hip-Hop
2019-05-07 01:05:55.949872_8,Tyga,Taste (feat. Offset),https://listen.hs.llnwd.net/g3/0/2/3/5/4/1411945320.mp3,Hip-Hop
2019-05-07 01:05:55.949872_9,Post Malone,I Fall Apart,https://listen.hs.llnwd.net/g3/4/3/0/0/5/1305750034.mp3,Hip-Hop
2019-05-07 01:05:55.949872_10,Cardi B,I Like It,https://listen.hs.llnwd.net/g3/4/7/5/9/1/1402419574.mp3,Hip-Hop
2019-05-07 01:05:55.949872_11,Cardi B,Money,https://listen.hs.llnwd.net/g3/5/0/0/7/1/1450717005.mp3,Hip-Hop
2019-05-07 01:05:55.949872_12,Cardi B & Bruno Mars,Please Me,https://listen.hs.llnwd.net/g3/8/3/0/1/1/1481611038.mp3,Hip-Hop
2019-05-07 01:05:55.949872_13,21 Savage,a lot,https://listen.hs.llnwd.net/g3/3/4/2/5/4/1465845243.mp3,Hip-Hop
2019-05-07 01:05:55.949872_14,Post Malone,Congratulations featuring Quavo,https://listen.hs.llnwd.net/g3/2/6/6/9/4/1305749662.mp3,Hip-Hop
2019-05-07 01:05:55.949872_15,Kodak Black,ZEZE (feat. Travis Scott & Offset),https://listen.hs.llnwd.net/g3/2/9/7/7/7/1468277792.mp3,Hip-Hop
2019-05-07 01:05:55.949872_16,Juice WRLD,Lucid Dreams,https://listen.hs.llnwd.net/g3/8/9/4/3/2/1411623498.mp3,Hip-Hop
2019-05-07 01:05:55.949872_17,Kendrick Lamar,HUMBLE.,https://listen.hs.llnwd.net/g3/9/6/4/0/9/1332690469.mp3,Hip-Hop
2019-05-07 01:05:55.949872_18,Lil Baby,Drip Too Hard,https://listen.hs.llnwd.net/g3/7/2/8/9/8/1446389827.mp3,Hip-Hop
2019-05-07 01:05:55.949872_19,Drake,Nonstop,https://listen.hs.llnwd.net/g3/0/0/9/1/6/1430261900.mp3,Hip-Hop
2019-05-07 01:05:55.949872_20,A Boogie Wit da Hoodie,Look Back At It,https://listen.hs.llnwd.net/g3/5/4/0/4/2/1472124045.mp3,Hip-Hop
2019-05-07 01:05:55.949872_21,Cardi B,Bodak Yellow,https://listen.hs.llnwd.net/g3/2/6/5/9/1/1402419562.mp3,Hip-Hop
2019-05-07 01:05:55.949872_22,Mustard & Migos,Pure Water,https://listen.hs.llnwd.net/g3/0/7/3/3/4/1472243370.mp3,Hip-Hop
2019-05-07 01:05:55.949872_23,Logic,Homicide (feat. Eminem),https://listen.hs.llnwd.net/g3/2/9/0/4/3/1505834092.mp3,Hip-Hop
2019-05-07 01:05:55.949872_24,Sheck Wes,Mo Bamba,https://listen.hs.llnwd.net/g3/3/6/5/5/5/1446755563.mp3,Hip-Hop
2019-05-07 01:05:55.949872_25,Gucci Mane,Wake Up in the Sky,https://listen.hs.llnwd.net/g3/7/5/6/9/3/1461839657.mp3,Hip-Hop
2019-05-07 01:05:55.949872_26,Lil Wayne,Uproar,https://listen.hs.llnwd.net/g3/6/9/1/7/2/1444727196.mp3,Hip-Hop
2019-05-07 01:05:55.949872_27,XXXTENTACION,Sad!,https://listen.hs.llnwd.net/g3/2/2/0/1/9/1398191022.mp3,Hip-Hop
2019-05-07 01:05:55.949872_28,Eminem,Lose Yourself,https://listen.hs.llnwd.net/g3/8/9/7/2/1/1281612798.mp3,Hip-Hop
2019-05-07 01:05:55.949872_29,NF,Let You Down,https://listen.hs.llnwd.net/g3/0/6/6/1/6/1361861660.mp3,Hip-Hop
2019-05-07 01:05:55.949872_30,21 Savage Offset & Metro Boomin,Ric Flair Drip,https://listen.hs.llnwd.net/g3/8/1/7/1/5/1370751718.mp3,Hip-Hop
2019-05-07 01:05:55.949872_31,XXXTENTACION,Moonlight,https://listen.hs.llnwd.net/g3/7/2/0/1/9/1398191027.mp3,Hip-Hop
2019-05-07 01:05:55.949872_32,Lil Baby,Yes Indeed (feat. Drake),https://listen.hs.llnwd.net/g3/5/1/2/5/4/1411945215.mp3,Hip-Hop
2019-05-07 01:05:55.949872_33,Pardison Fontaine,Backin' It Up (feat. Cardi B),https://listen.hs.llnwd.net/g3/7/0/8/5/7/1442275807.mp3,Hip-Hop
2019-05-07 01:05:55.949872_34,G-Eazy,No Limit,https://listen.hs.llnwd.net/g3/7/4/3/2/9/1380492347.mp3,Hip-Hop
2019-05-07 01:05:55.949872_35,Drake,God's Plan,https://listen.hs.llnwd.net/g3/0/9/8/1/6/1430261890.mp3,Hip-Hop
2019-05-07 01:05:55.949872_36,French Montana,Unforgettable,https://listen.hs.llnwd.net/g3/3/4/1/8/1/1394418143.mp3,Hip-Hop
2019-05-07 01:05:55.949872_37,Eminem,Lucky You (feat. Joyner Lucas),https://listen.hs.llnwd.net/g3/3/4/9/2/4/1437842943.mp3,Hip-Hop
2019-05-07 01:05:55.949872_38,Childish Gambino,Redbone,https://listen.hs.llnwd.net/g3/1/0/9/4/2/1301724901.mp3,Hip-Hop
2019-05-07 01:05:55.949872_39,Drake,One Dance,https://listen.hs.llnwd.net/g3/1/7/4/0/8/1264880471.mp3,Hip-Hop
2019-05-07 01:05:55.949872_40,Khalid x Normani,Love Lies,https://listen.hs.llnwd.net/g3/3/7/9/1/9/1391391973.mp3,Hip-Hop
2019-05-07 01:05:55.949872_41,Post Malone,White Iverson,https://listen.hs.llnwd.net/g3/5/9/6/9/4/1305749695.mp3,Hip-Hop
2019-05-07 01:05:55.949872_42,Nipsey Hussle,Last Time That I Checc'd (feat. YG),https://listen.hs.llnwd.net/g3/1/3/2/8/7/1392078231.mp3,Hip-Hop
2019-05-07 01:05:55.949872_43,Drake,Nice For What,https://listen.hs.llnwd.net/g3/3/7/8/1/6/1430261873.mp3,Hip-Hop
2019-05-07 01:05:55.949872_44,Nipsey Hussle,Dedication (feat. Kendrick Lamar),https://listen.hs.llnwd.net/g3/7/4/2/8/7/1392078247.mp3,Hip-Hop
2019-05-07 01:05:55.949872_45,Migos,Stir Fry,https://listen.hs.llnwd.net/g3/3/4/7/4/9/1388194743.mp3,Hip-Hop
2019-05-07 01:05:55.949872_46,Eminem,'Till I Collapse,https://listen.hs.llnwd.net/g3/1/9/2/7/7/1436177291.mp3,Hip-Hop
2019-05-07 01:05:55.949872_47,Flipp Dinero,Leave Me Alone,https://listen.hs.llnwd.net/g3/1/7/9/9/0/1439009971.mp3,Hip-Hop
2019-05-07 01:05:55.949872_48,Eminem,Love The Way You Lie featuring Rihanna,https://listen.hs.llnwd.net/g3/5/1/4/4/9/1282794415.mp3,Hip-Hop
2019-05-07 01:05:55.949872_49,Nipsey Hussle,Grinding All My Life,https://listen.hs.llnwd.net/g3/1/7/1/8/7/1392078171.mp3,Hip-Hop
2019-05-07 01:05:55.949872_50,Lil Baby,Pure Cocaine,https://listen.hs.llnwd.net/g3/9/1/3/6/2/1460926319.mp3,Hip-Hop
2019-05-07 01:05:55.949872_51,Lil Uzi Vert,XO TOUR Llif3,https://listen.hs.llnwd.net/g3/6/0/3/2/9/1374692306.mp3,Hip-Hop
2019-05-07 01:05:55.949872_52,Nipsey Hussle,Victory Lap (feat. Stacy Barthe),https://listen.hs.llnwd.net/g3/0/5/1/8/7/1392078150.mp3,Hip-Hop
2019-05-07 01:05:55.949872_53,A Boogie Wit da Hoodie,Swervin (feat. 6ix9ine),https://listen.hs.llnwd.net/g3/6/0/3/5/2/1472125306.mp3,Hip-Hop
2019-05-07 01:05:55.949872_54,J. Cole,No Role Modelz,https://listen.hs.llnwd.net/g3/6/6/6/1/4/1281841666.mp3,Hip-Hop
2019-05-07 01:05:55.949872_55,Eminem,Killshot,https://listen.hs.llnwd.net/g3/4/3/2/8/2/1442528234.mp3,Hip-Hop
2019-05-07 01:05:55.949872_56,Drake,In My Feelings,https://listen.hs.llnwd.net/g3/1/4/4/3/8/1428783441.mp3,Hip-Hop
2019-05-07 01:05:55.949872_57,Kendrick Lamar,DNA.,https://listen.hs.llnwd.net/g3/8/7/4/0/9/1332690478.mp3,Hip-Hop
2019-05-07 01:05:55.949872_58,2Pac,California Love featuring Roger Troutman Dr. Dre (Original Version (Explicit)),https://listen.hs.llnwd.net/g3/2/3/7/8/2/1283428732.mp3,Hip-Hop
2019-05-07 01:05:55.949872_59,Logic,1-800-273-8255,https://listen.hs.llnwd.net/g3/1/1/5/8/2/1335428511.mp3,Hip-Hop
2019-05-07 01:05:55.949872_60,Post Malone,Ball For Me,https://listen.hs.llnwd.net/g3/6/8/7/1/1/1406911786.mp3,Hip-Hop
2019-05-07 01:05:55.949872_61,Kendrick Lamar,LOVE. FT. ZACARI.,https://listen.hs.llnwd.net/g3/2/0/4/0/9/1332690402.mp3,Hip-Hop
2019-05-07 01:05:55.949872_62,Travis Scott,Goosebumps,https://listen.hs.llnwd.net/g3/2/8/6/8/9/1287698682.mp3,Hip-Hop
2019-05-07 01:05:55.949872_63,Nipsey Hussle,Double Up (feat. Belly and Dom Kennedy) [Bonus Track],https://listen.hs.llnwd.net/g3/2/0/2/8/7/1392078202.mp3,Hip-Hop
2019-05-07 01:05:55.949872_64,Nipsey Hussle,Hussle & Motivate,https://listen.hs.llnwd.net/g3/0/9/1/8/7/1392078190.mp3,Hip-Hop
2019-05-07 01:05:55.949872_65,XXXTENTACION,Jocelyn Flores,https://listen.hs.llnwd.net/g3/9/3/0/7/3/1355337039.mp3,Hip-Hop
2019-05-07 01:05:55.949872_66,Offset,Clout (feat. Cardi B),https://listen.hs.llnwd.net/g3/2/9/4/6/0/1484006492.mp3,Hip-Hop
2019-05-07 01:05:55.949872_67,Future,Mask Off,https://listen.hs.llnwd.net/g3/3/6/7/0/0/1326600763.mp3,Hip-Hop
2019-05-07 01:05:55.949872_68,50 Cent,In Da Club,https://listen.hs.llnwd.net/g3/0/3/4/1/0/1239001430.mp3,Hip-Hop
2019-05-07 01:05:55.949872_69,DaBaby,Suge,https://listen.hs.llnwd.net/g3/2/3/3/6/0/1495106332.mp3,Hip-Hop
2019-05-07 01:05:55.949872_70,Nipsey Hussle,Racks In The Middle (feat. Roddy Ricch and Hit-Boy),https://listen.hs.llnwd.net/g3/5/1/4/2/7/1481472415.mp3,Hip-Hop
2019-05-07 01:05:55.949872_71,Eminem,Rap God,https://listen.hs.llnwd.net/g1/7/7/9/2/5/1036752977.mp3,Hip-Hop
2019-05-07 01:05:55.949872_72,Drake,Mob Ties,https://listen.hs.llnwd.net/g3/2/3/9/1/6/1430261932.mp3,Hip-Hop
2019-05-07 01:05:55.949872_73,YK Osiris,Worth It,https://listen.hs.llnwd.net/g3/8/9/5/6/7/1476976598.mp3,Hip-Hop
2019-05-07 01:05:55.949872_74,Migos,Walk It Talk It,https://listen.hs.llnwd.net/g3/3/4/9/4/9/1388194943.mp3,Hip-Hop
2019-05-07 01:05:55.949872_75,Eminem,Venom (Music From The Motion Picture),https://listen.hs.llnwd.net/g3/9/4/8/2/4/1437842849.mp3,Hip-Hop
2019-05-07 01:05:55.949872_76,Gucci Mane,I Get The Bag (feat. Migos),https://listen.hs.llnwd.net/g3/0/6/6/0/8/1364580660.mp3,Hip-Hop
2019-05-07 01:05:55.949872_77,Childish Gambino,This Is America,https://listen.hs.llnwd.net/g3/1/5/1/3/3/1408733151.mp3,Hip-Hop
2019-05-07 01:05:55.949872_78,A Boogie Wit da Hoodie,Drowning (feat. Kodak Black),https://listen.hs.llnwd.net/g3/0/2/2/4/0/1361804220.mp3,Hip-Hop
2019-05-07 01:05:55.949872_79,Migos,Bad and Boujee,https://listen.hs.llnwd.net/g3/4/9/7/2/4/1315442794.mp3,Hip-Hop
2019-05-07 01:05:55.949872_80,Drake,The Motto featuring Lil Wayne Tyga (Album Version (Explicit)),https://listen.hs.llnwd.net/g2/8/6/1/3/1/906113168.mp3,Hip-Hop
2019-05-07 01:05:55.949872_81,Kanye West,Gold Digger,https://listen.hs.llnwd.net/g3/9/0/2/0/9/1282990209.mp3,Hip-Hop
2019-05-07 01:05:55.949872_82,BlocBoy JB,Look Alive (feat. Drake),https://listen.hs.llnwd.net/g3/6/9/6/6/8/1390686696.mp3,Hip-Hop
2019-05-07 01:05:55.949872_83,Rae Sremmurd,Black Beatles featuring Gucci Mane,https://listen.hs.llnwd.net/g3/7/4/3/0/4/1281940347.mp3,Hip-Hop
2019-05-07 01:05:55.949872_84,J. Cole,KOD,https://listen.hs.llnwd.net/g3/6/0/9/4/7/1405474906.mp3,Hip-Hop
2019-05-07 01:05:55.949872_85,Post Malone,Go Flex,https://listen.hs.llnwd.net/g3/0/0/0/0/5/1305750000.mp3,Hip-Hop
2019-05-07 01:05:55.949872_86,Lil Dicky,Freaky Friday (feat. Chris Brown),https://listen.hs.llnwd.net/g3/6/2/1/7/3/1398137126.mp3,Hip-Hop
2019-05-07 01:05:55.949872_87,Lil Uzi Vert,Sanguine Paradise,https://listen.hs.llnwd.net/g3/4/3/6/7/0/1501507634.mp3,Hip-Hop
2019-05-07 01:05:55.949872_88,Eminem,River (feat. Ed Sheeran),https://listen.hs.llnwd.net/g3/1/5/9/6/4/1379346951.mp3,Hip-Hop
2019-05-07 01:05:55.949872_89,DJ Khaled,I'm the One,https://listen.hs.llnwd.net/g3/3/0/1/9/9/1344599103.mp3,Hip-Hop
2019-05-07 01:05:55.949872_90,Eminem,Without Me,https://listen.hs.llnwd.net/g3/2/8/1/7/7/1436177182.mp3,Hip-Hop
2019-05-07 01:05:55.949872_91,Nipsey Hussle,Blue Laces 2,https://listen.hs.llnwd.net/g3/8/5/1/8/7/1392078158.mp3,Hip-Hop
2019-05-07 01:05:55.949872_92,Nipsey Hussle,Rap n*gg*s,https://listen.hs.llnwd.net/g3/1/5/1/8/7/1392078151.mp3,Hip-Hop
2019-05-07 01:05:55.949872_93,Lil Wayne,Mona Lisa,https://listen.hs.llnwd.net/g3/4/1/0/7/2/1444727014.mp3,Hip-Hop
2019-05-07 01:05:55.949872_94,The Weeknd & Kendrick Lamar,Pray For Me,https://listen.hs.llnwd.net/g3/8/9/6/5/9/1389695698.mp3,Hip-Hop
2019-05-07 01:05:55.949872_95,Cardi B,Be Careful,https://listen.hs.llnwd.net/g3/7/6/7/9/1/1402419767.mp3,Hip-Hop
2019-05-07 01:05:55.949872_96,City Girls,Act Up,https://listen.hs.llnwd.net/g3/5/8/8/4/4/1497044885.mp3,Hip-Hop
2019-05-07 01:05:55.949872_97,Big Sean,I Don't F*ck With You featuring E-40,https://listen.hs.llnwd.net/g3/4/6/4/7/6/1284467464.mp3,Hip-Hop
2019-05-07 01:05:55.949872_98,Outkast,Hey Ya!,https://listen.hs.llnwd.net/g3/1/6/9/3/7/1282573961.mp3,Hip-Hop
2019-05-07 01:05:55.949872_99,YNW Melly,Murder On My Mind,https://listen.hs.llnwd.net/g3/4/4/9/1/9/1429791944.mp3,Hip-Hop
2019-05-07 01:05:55.949872_100,Post Malone,Rockstar,https://listen.hs.llnwd.net/g3/7/2/8/1/1/1406911827.mp3,Hip-Hop
2019-05-07 01:05:56.903336_1,Khalid,Talk,https://listen.hs.llnwd.net/g3/6/1/7/2/8/1497282716.mp3,Soul
2019-05-07 01:05:56.903336_2,Khalid,Better,https://listen.hs.llnwd.net/g3/5/4/1/7/0/1448707145.mp3,Soul
2019-05-07 01:05:56.903336_3,Khalid,Young Dumb & Broke,https://listen.hs.llnwd.net/g3/4/9/7/1/1/1322311794.mp3,Soul
2019-05-07 01:05:56.903336_4,Ella Mai,Boo'd Up,https://listen.hs.llnwd.net/g3/9/4/6/2/4/1447042649.mp3,Soul
2019-05-07 01:05:56.903336_5,The Weeknd,Starboy featuring Daft Punk,https://listen.hs.llnwd.net/g3/2/8/8/8/0/1304108882.mp3,Soul
2019-05-07 01:05:56.903336_6,Khalid,Location,https://listen.hs.llnwd.net/g3/6/3/0/2/3/1284332036.mp3,Soul
2019-05-07 01:05:56.903336_7,John Legend,All Of Me,https://listen.hs.llnwd.net/g3/6/5/1/3/3/1283433156.mp3,Soul
2019-05-07 01:05:56.903336_8,The Weeknd,"Earned It (Fifty Shades Of Grey) (From The"" Fifty Shades Of Grey"" Soundtrack)",https://listen.hs.llnwd.net/g3/6/4/3/3/4/1136443346.mp3,Soul
2019-05-07 01:05:56.903336_9,The Weeknd,The Hills,https://listen.hs.llnwd.net/g3/9/6/5/5/9/1200995569.mp3,Soul
2019-05-07 01:05:56.903336_10,Beyoncé,Sorry,https://listen.hs.llnwd.net/g3/6/1/9/9/1/1503119916.mp3,Soul
2019-05-07 01:05:56.903336_11,The Weeknd,I Feel It Coming featuring Daft Punk,https://listen.hs.llnwd.net/g3/3/3/7/8/0/1304108733.mp3,Soul
2019-05-07 01:05:56.903336_12,Khalid,OTW (feat. Ty Dolla $ign & 6lack),https://listen.hs.llnwd.net/g3/7/5/1/7/2/1421427157.mp3,Soul
2019-05-07 01:05:56.903336_13,Ella Mai,Trip,https://listen.hs.llnwd.net/g3/9/8/6/2/4/1447042689.mp3,Soul
2019-05-07 01:05:56.903336_14,Robin Thicke,Blurred Lines featuring T.I. Pharrell,https://listen.hs.llnwd.net/g3/4/4/3/5/8/1282785344.mp3,Soul
2019-05-07 01:05:56.903336_15,Khalid,My Bad,https://listen.hs.llnwd.net/g3/9/3/8/2/8/1497282839.mp3,Soul
2019-05-07 01:05:56.903336_16,Earth Wind & Fire,September,https://listen.hs.llnwd.net/g3/4/2/7/0/0/1282300724.mp3,Soul
2019-05-07 01:05:56.903336_17,Beyoncé,Formation,https://listen.hs.llnwd.net/g3/9/8/8/9/1/1503119889.mp3,Soul
2019-05-07 01:05:56.903336_18,Beyoncé,Hold Up,https://listen.hs.llnwd.net/g3/7/6/8/9/1/1503119867.mp3,Soul
2019-05-07 01:05:56.903336_19,The Weeknd,Can't Feel My Face,https://listen.hs.llnwd.net/g3/0/6/3/5/9/1200995360.mp3,Soul
2019-05-07 01:05:56.903336_20,Beyoncé,Halo,https://listen.hs.llnwd.net/g3/8/4/6/5/6/1282965648.mp3,Soul
2019-05-07 01:05:56.903336_21,The Weeknd,Call Out My Name,https://listen.hs.llnwd.net/g3/1/5/9/9/9/1399699951.mp3,Soul
2019-05-07 01:05:56.903336_22,The Jackson 5,I Want You Back,https://listen.hs.llnwd.net/g3/6/8/5/8/8/1431088586.mp3,Soul
2019-05-07 01:05:56.903336_23,Bryson Tiller,Don't,https://listen.hs.llnwd.net/g3/1/2/0/2/0/1282102021.mp3,Soul
2019-05-07 01:05:56.903336_24,Ella Mai,Shot Clock,https://listen.hs.llnwd.net/g3/3/0/7/2/4/1447042703.mp3,Soul
2019-05-07 01:05:56.903336_25,R. Kelly,Ignition - (remix),https://listen.hs.llnwd.net/g1/9/3/2/4/2/1042524239.mp3,Soul
2019-05-07 01:05:56.903336_26,Khalid,Better,https://listen.hs.llnwd.net/g3/8/1/7/2/8/1497282718.mp3,Soul
2019-05-07 01:05:56.903336_27,Beyoncé,Before I Let Go (Homecoming Live Bonus Track),https://listen.hs.llnwd.net/g3/6/7/3/7/3/1501737376.mp3,Soul
2019-05-07 01:05:56.903336_28,Marvin Gaye,Ain't No Mountain High Enough,https://listen.hs.llnwd.net/g2/3/9/8/8/6/903968893.mp3,Soul
2019-05-07 01:05:56.903336_29,Bill Withers,Ain't No Sunshine,https://listen.hs.llnwd.net/g1/6/8/3/1/5/259051386.mp3,Soul
2019-05-07 01:05:56.903336_30,Mark Morrison,Return Of The Mack,https://listen.hs.llnwd.net/g3/9/4/5/4/2/1281824549.mp3,Soul
2019-05-07 01:05:56.903336_31,Al Green,Let's Stay Together,https://listen.hs.llnwd.net/g1/1/3/6/3/7/974773631.mp3,Soul
2019-05-07 01:05:56.903336_32,H.E.R.,Focus,https://listen.hs.llnwd.net/g3/3/3/0/3/6/1366263033.mp3,Soul
2019-05-07 01:05:56.903336_33,Prince,When Doves Cry,https://listen.hs.llnwd.net/g3/6/4/0/5/6/1319265046.mp3,Soul
2019-05-07 01:05:56.903336_34,Chris Brown,Undecided,https://listen.hs.llnwd.net/g3/8/0/5/8/3/1464738508.mp3,Soul
2019-05-07 01:05:56.903336_35,Daniel Caesar,Best Part (feat. H.E.R.),https://listen.hs.llnwd.net/g3/1/0/5/0/1/1355310501.mp3,Soul
2019-05-07 01:05:56.903336_36,The Temptations,My Girl,https://listen.hs.llnwd.net/g3/9/6/2/9/2/1182229269.mp3,Soul
2019-05-07 01:05:56.903336_37,TLC,No Scrubs,https://listen.hs.llnwd.net/g3/8/9/9/2/4/1283542998.mp3,Soul
2019-05-07 01:05:56.903336_38,Blackstreet,No Diggity - (featuring Dr. Dre),https://listen.hs.llnwd.net/g3/3/0/5/7/9/1283697503.mp3,Soul
2019-05-07 01:05:56.903336_39,Otis Redding,(Sittin' On) The Dock Of The Bay,https://listen.hs.llnwd.net/g3/0/2/0/6/8/1342486020.mp3,Soul
2019-05-07 01:05:56.903336_40,Khalid,Saturday Nights,https://listen.hs.llnwd.net/g3/1/9/5/2/8/1497282591.mp3,Soul
2019-05-07 01:05:56.903336_41,Bryson Tiller,Exchange,https://listen.hs.llnwd.net/g3/4/4/8/0/9/1209690844.mp3,Soul
2019-05-07 01:05:56.903336_42,SZA,Love Galore,https://listen.hs.llnwd.net/g3/4/9/4/9/6/1341769494.mp3,Soul
2019-05-07 01:05:56.903336_43,Jeremih,Oui,https://listen.hs.llnwd.net/g3/7/9/5/0/3/1223230597.mp3,Soul
2019-05-07 01:05:56.903336_44,Mario,Let Me Love You,https://listen.hs.llnwd.net/g1/2/8/4/2/0/197702482.mp3,Soul
2019-05-07 01:05:56.903336_45,Daniel Caesar,Get You (feat. Kali Uchis),https://listen.hs.llnwd.net/g3/7/0/4/0/1/1355310407.mp3,Soul
2019-05-07 01:05:56.903336_46,SZA,The Weekend,https://listen.hs.llnwd.net/g3/8/5/2/9/6/1341769258.mp3,Soul
2019-05-07 01:05:56.903336_47,Ty Dolla $ign,Or Nah (feat. The Weeknd Wiz Khalifa and DJ Mustard) (Remix),https://listen.hs.llnwd.net/g3/6/7/4/6/8/1282086476.mp3,Soul
2019-05-07 01:05:56.903336_48,Khalid,Don't Pretend,https://listen.hs.llnwd.net/g3/2/6/6/2/8/1497282662.mp3,Soul
2019-05-07 01:05:56.903336_49,Miguel,Sky Walker,https://listen.hs.llnwd.net/g3/0/1/1/5/6/1377765110.mp3,Soul
2019-05-07 01:05:56.903336_50,Mariah Carey,Always Be My Baby,https://listen.hs.llnwd.net/g3/4/7/9/4/0/1282304974.mp3,Soul
2019-05-07 01:05:56.903336_51,Beyoncé,Pray You Catch Me,https://listen.hs.llnwd.net/g3/2/8/8/9/1/1503119882.mp3,Soul
2019-05-07 01:05:56.903336_52,Alicia Keys,If I Ain't Got You,https://listen.hs.llnwd.net/g3/5/6/8/7/6/1445467865.mp3,Soul
2019-05-07 01:05:56.903336_53,The Weeknd,Wicked Games (Explicit),https://listen.hs.llnwd.net/g1/4/5/2/2/3/1041632254.mp3,Soul
2019-05-07 01:05:56.903336_54,Usher,U Got It Bad,https://listen.hs.llnwd.net/g3/0/4/7/4/5/1281854740.mp3,Soul
2019-05-07 01:05:56.903336_55,Andra Day,Rise Up,https://listen.hs.llnwd.net/g3/3/1/2/8/0/1199208213.mp3,Soul
2019-05-07 01:05:56.903336_56,Khalid,8teen,https://listen.hs.llnwd.net/g3/1/2/6/1/1/1322311621.mp3,Soul
2019-05-07 01:05:56.903336_57,Beyoncé,Single Ladies (Put A Ring On It),https://listen.hs.llnwd.net/g3/5/6/3/1/7/1282571365.mp3,Soul
2019-05-07 01:05:56.903336_58,H.E.R.,Best Part,https://listen.hs.llnwd.net/g3/0/3/0/3/6/1366263030.mp3,Soul
2019-05-07 01:05:56.903336_59,Prince,Let's Go Crazy,https://listen.hs.llnwd.net/g3/8/7/2/9/5/1319259278.mp3,Soul
2019-05-07 01:05:56.903336_60,Khalid,Bad Luck,https://listen.hs.llnwd.net/g3/1/0/3/3/8/1497283301.mp3,Soul
2019-05-07 01:05:56.903336_61,Whitney Houston,I Wanna Dance With Somebody (Who Loves Me),https://listen.hs.llnwd.net/g3/4/9/2/7/3/1283537294.mp3,Soul
2019-05-07 01:05:56.903336_62,Chris Brown,Privacy,https://listen.hs.llnwd.net/g3/2/9/0/6/0/1370906092.mp3,Soul
2019-05-07 01:05:56.903336_63,Miguel,Adorn,https://listen.hs.llnwd.net/g3/3/9/5/3/0/1283703593.mp3,Soul
2019-05-07 01:05:56.903336_64,blackbear,Do Re Mi,https://listen.hs.llnwd.net/g3/5/9/8/9/0/1349509895.mp3,Soul
2019-05-07 01:05:56.903336_65,Mariah Carey,We Belong Together,https://listen.hs.llnwd.net/g3/8/0/5/3/1/1441913508.mp3,Soul
2019-05-07 01:05:56.903336_66,Tank,When We,https://listen.hs.llnwd.net/g3/8/2/5/3/8/1360883528.mp3,Soul
2019-05-07 01:05:56.903336_67,Khalid,Outta My Head,https://listen.hs.llnwd.net/g3/7/5/6/2/8/1497282657.mp3,Soul
2019-05-07 01:05:56.903336_68,T-Pain,Buy U A Drank (Shawty Snappin')Featuring Yung Joc,https://listen.hs.llnwd.net/g1/3/4/5/4/3/1042534543.mp3,Soul
2019-05-07 01:05:56.903336_69,Miguel,Sure Thing (Main Version),https://listen.hs.llnwd.net/g3/7/7/5/0/5/1281850577.mp3,Soul
2019-05-07 01:05:56.903336_70,Beyoncé,6 Inch,https://listen.hs.llnwd.net/g3/0/5/8/9/1/1503119850.mp3,Soul
2019-05-07 01:05:56.903336_71,Ben E. King,Stand By Me,https://listen.hs.llnwd.net/g3/5/9/1/8/9/1362498195.mp3,Soul
2019-05-07 01:05:56.903336_72,Marvin Gaye,Sexual Healing,https://listen.hs.llnwd.net/g3/2/6/7/3/2/1281823762.mp3,Soul
2019-05-07 01:05:56.903336_73,Bell Biv Devoe,Poison,https://listen.hs.llnwd.net/g1/4/2/0/1/3/996631024.mp3,Soul
2019-05-07 01:05:56.903336_74,Beyoncé,Drunk in Love (Explicit Version),https://listen.hs.llnwd.net/g3/0/6/7/0/6/1282560760.mp3,Soul
2019-05-07 01:05:56.903336_75,Beyoncé,Don't Hurt Yourself,https://listen.hs.llnwd.net/g3/4/2/9/9/1/1503119924.mp3,Soul
2019-05-07 01:05:56.903336_76,Khalid,Right Back,https://listen.hs.llnwd.net/g3/0/5/7/2/8/1497282750.mp3,Soul
2019-05-07 01:05:56.903336_77,Rihanna,Umbrella Featuring Jay-Z,https://listen.hs.llnwd.net/g3/1/3/8/7/4/1281847831.mp3,Soul
2019-05-07 01:05:56.903336_78,Lizzo,Juice,https://listen.hs.llnwd.net/g3/3/5/6/2/8/1501482653.mp3,Soul
2019-05-07 01:05:56.903336_79,Kehlani,Nights Like This (feat. Ty Dolla $ign),https://listen.hs.llnwd.net/g3/5/7/5/4/5/1469754575.mp3,Soul
2019-05-07 01:05:56.903336_80,Jhené Aiko,Sativa,https://listen.hs.llnwd.net/g3/9/9/8/5/2/1360925899.mp3,Soul
2019-05-07 01:05:56.903336_81,Chris Brown,Pills & Automobiles,https://listen.hs.llnwd.net/g3/4/3/1/6/0/1370906134.mp3,Soul
2019-05-07 01:05:56.903336_82,Chris Brown,Wobble Up (feat. Nicki Minaj & G-Eazy),https://listen.hs.llnwd.net/g3/7/9/1/9/8/1502189197.mp3,Soul
2019-05-07 01:05:56.903336_83,The Weeknd,Party Monster,https://listen.hs.llnwd.net/g3/4/2/7/8/0/1304108724.mp3,Soul
2019-05-07 01:05:56.903336_84,Aretha Franklin,Respect,https://listen.hs.llnwd.net/g1/9/6/0/3/9/109393069.mp3,Soul
2019-05-07 01:05:56.903336_85,Usher,My Boo,https://listen.hs.llnwd.net/g1/7/6/0/1/6/1042261067.mp3,Soul
2019-05-07 01:05:56.903336_86,Usher,Burn,https://listen.hs.llnwd.net/g3/1/1/9/8/3/1283538911.mp3,Soul
2019-05-07 01:05:56.903336_87,Prince,Kiss,https://listen.hs.llnwd.net/g3/6/8/4/4/6/1319264486.mp3,Soul
2019-05-07 01:05:56.903336_88,The Weeknd,Acquainted,https://listen.hs.llnwd.net/g3/6/0/7/6/1/1281916706.mp3,Soul
2019-05-07 01:05:56.903336_89,Beyoncé,Crazy In Love (Homecoming Live),https://listen.hs.llnwd.net/g3/8/6/2/7/3/1501737268.mp3,Soul
2019-05-07 01:05:56.903336_90,Queen Naija,Medicine,https://listen.hs.llnwd.net/g3/3/6/1/0/6/1415460163.mp3,Soul
2019-05-07 01:05:56.903336_91,Beyoncé,Run The World (Girls),https://listen.hs.llnwd.net/g1/6/4/8/4/6/1002464846.mp3,Soul
2019-05-07 01:05:56.903336_92,Trey Songz,Bottoms Up (Feat. Nicki Minaj),https://listen.hs.llnwd.net/g3/2/0/5/1/3/1281931502.mp3,Soul
2019-05-07 01:05:56.903336_93,Beyoncé,All Night,https://listen.hs.llnwd.net/g3/2/9/8/9/1/1503119892.mp3,Soul
2019-05-07 01:05:56.903336_94,Destiny's Child,Say My Name,https://listen.hs.llnwd.net/g3/1/8/0/0/6/1282560081.mp3,Soul
2019-05-07 01:05:56.903336_95,Justin Timberlake,Cry Me A River,https://listen.hs.llnwd.net/g3/8/0/3/1/0/1283001308.mp3,Soul
2019-05-07 01:05:56.903336_96,Lauryn Hill,Doo Wop (That Thing),https://listen.hs.llnwd.net/g1/0/1/0/2/1/1042512010.mp3,Soul
2019-05-07 01:05:56.903336_97,Khalid,Self,https://listen.hs.llnwd.net/g3/4/6/4/2/8/1497282464.mp3,Soul
2019-05-07 01:05:56.903336_98,The Weeknd,Often,https://listen.hs.llnwd.net/g3/8/6/5/5/9/1200995568.mp3,Soul
2019-05-07 01:05:56.903336_99,Frank Ocean,Thinkin Bout You,https://listen.hs.llnwd.net/g3/7/6/9/9/9/1282299967.mp3,Soul
2019-05-07 01:05:56.903336_100,Sade,No Ordinary Love,https://listen.hs.llnwd.net/g3/0/3/3/6/8/1282986330.mp3,Soul
2019-05-07 01:05:57.814170_1,Norah Jones,Don't Know Why,https://listen.hs.llnwd.net/g1/1/5/7/7/1/384417751.mp3,Jazz
2019-05-07 01:05:57.814170_2,Norah Jones,Come Away With Me,https://listen.hs.llnwd.net/g1/5/1/8/5/9/1000495815.mp3,Jazz
2019-05-07 01:05:57.814170_3,Nina Simone,Feeling Good,https://listen.hs.llnwd.net/g2/9/9/5/3/6/917963599.mp3,Jazz
2019-05-07 01:05:57.814170_4,Soul II Soul,Back To Life,https://listen.hs.llnwd.net/g1/6/4/5/2/8/106582546.mp3,Jazz
2019-05-07 01:05:57.814170_5,Norah Jones,Turn Me On,https://listen.hs.llnwd.net/g1/0/7/0/8/1/384418070.mp3,Jazz
2019-05-07 01:05:57.814170_6,Bobby McFerrin,Don't Worry Be Happy,https://listen.hs.llnwd.net/g1/9/1/1/7/2/106927119.mp3,Jazz
2019-05-07 01:05:57.814170_7,The Isley Brothers,Contagious,https://listen.hs.llnwd.net/g3/7/2/8/1/1/1281611827.mp3,Jazz
2019-05-07 01:05:57.814170_8,George Benson,Give Me The Night,https://listen.hs.llnwd.net/g3/7/8/5/1/9/1330791587.mp3,Jazz
2019-05-07 01:05:57.814170_9,Miles Davis,So What,https://listen.hs.llnwd.net/g3/2/1/1/8/1/1281818112.mp3,Jazz
2019-05-07 01:05:57.814170_10,Grover Washington Jr.,Just The Two Of Us,https://listen.hs.llnwd.net/g3/8/4/3/9/0/1282109348.mp3,Jazz
2019-05-07 01:05:57.814170_11,George Benson,Breezin',https://listen.hs.llnwd.net/g3/1/1/8/0/9/1330790811.mp3,Jazz
2019-05-07 01:05:57.814170_12,Lou Rawls,You'll Never Find Another Love Like Mine,https://listen.hs.llnwd.net/g3/0/1/8/3/0/1283703810.mp3,Jazz
2019-05-07 01:05:57.814170_13,Nina Simone,I Put A Spell On You,https://listen.hs.llnwd.net/g3/2/7/4/5/6/1283565472.mp3,Jazz
2019-05-07 01:05:57.814170_14,Soul II Soul,Keep On Movin',https://listen.hs.llnwd.net/g1/9/4/3/3/7/106573349.mp3,Jazz
2019-05-07 01:05:57.814170_15,Norah Jones,Cold Cold Heart,https://listen.hs.llnwd.net/g1/0/0/7/7/1/384417700.mp3,Jazz
2019-05-07 01:05:57.814170_16,Dave Brubeck,Take Five,https://listen.hs.llnwd.net/g3/8/9/0/9/6/1282569098.mp3,Jazz
2019-05-07 01:05:57.814170_17,Kenny G,Songbird,https://listen.hs.llnwd.net/g3/1/4/9/1/8/1062381941.mp3,Jazz
2019-05-07 01:05:57.814170_18,Miles Davis,Blue In Green,https://listen.hs.llnwd.net/g3/3/4/2/3/3/1282333243.mp3,Jazz
2019-05-07 01:05:57.814170_19,Roy Ayers,Everybody Loves The Sunshine,https://listen.hs.llnwd.net/g1/6/9/9/2/8/211582996.mp3,Jazz
2019-05-07 01:05:57.814170_20,Norah Jones,The Nearness Of You,https://listen.hs.llnwd.net/g1/3/5/8/7/1/384417853.mp3,Jazz
2019-05-07 01:05:57.814170_21,Miles Davis,All Blues,https://listen.hs.llnwd.net/g3/0/8/4/9/6/1282969480.mp3,Jazz
2019-05-07 01:05:57.814170_22,George Benson,Turn Your Love Around,https://listen.hs.llnwd.net/g3/6/7/9/8/8/1330788976.mp3,Jazz
2019-05-07 01:05:57.814170_23,Ray Charles,Mess Around,https://listen.hs.llnwd.net/g3/8/6/1/8/9/1362498168.mp3,Jazz
2019-05-07 01:05:57.814170_24,Nina Simone,Sinnerman,https://listen.hs.llnwd.net/g1/0/7/9/9/7/105479970.mp3,Jazz
2019-05-07 01:05:57.814170_25,Al Jarreau,Mornin',https://listen.hs.llnwd.net/g3/5/0/7/7/7/1282777705.mp3,Jazz
2019-05-07 01:05:57.814170_26,Arsenal Efectivo,Lolo Felix,https://listen.hs.llnwd.net/g3/2/9/5/4/7/1209574592.mp3,Jazz
2019-05-07 01:05:57.814170_27,Norah Jones,Seven Years,https://listen.hs.llnwd.net/g1/5/9/4/7/1/384417495.mp3,Jazz
2019-05-07 01:05:57.814170_28,Fuerza Regida,Ya Se Fue Manuel,,Jazz
2019-05-07 01:05:57.814170_29,Norah Jones,I've Got To See You Again,https://listen.hs.llnwd.net/g1/4/5/8/7/1/384417854.mp3,Jazz
2019-05-07 01:05:57.814170_30,Ray Charles,Night Time Is The Right Time,https://listen.hs.llnwd.net/g3/7/0/0/5/5/1379055007.mp3,Jazz
2019-05-07 01:05:57.814170_31,Norah Jones,Feelin' The Same Way,https://listen.hs.llnwd.net/g1/5/1/7/7/1/384417715.mp3,Jazz
2019-05-07 01:05:57.814170_32,George Benson,This Masquerade,https://listen.hs.llnwd.net/g3/8/0/1/8/8/1330788108.mp3,Jazz
2019-05-07 01:05:57.814170_33,Anika Noni Rose,Almost There,https://listen.hs.llnwd.net/g3/0/1/0/5/6/1283965010.mp3,Jazz
2019-05-07 01:05:57.814170_34,Gregory Porter,Holding On featuring Kem,https://listen.hs.llnwd.net/g3/5/6/2/0/2/1281820265.mp3,Jazz
2019-05-07 01:05:57.814170_35,Norah Jones,Shoot The Moon,https://listen.hs.llnwd.net/g1/9/2/6/7/1/384417629.mp3,Jazz
2019-05-07 01:05:57.814170_36,Grover Washington Jr.,Mister Magic,https://listen.hs.llnwd.net/g1/0/4/2/6/9/1042596240.mp3,Jazz
2019-05-07 01:05:57.814170_37,George Duke,No Rhyme No Reason,https://listen.hs.llnwd.net/g3/3/9/5/3/2/1283423593.mp3,Jazz
2019-05-07 01:05:57.814170_38,Boney James,Maker Of Love featuring Raheem DeVaughn,https://listen.hs.llnwd.net/g3/3/9/3/5/9/1282095393.mp3,Jazz
2019-05-07 01:05:57.814170_39,Boney James,Sweet Thing,https://listen.hs.llnwd.net/g3/6/4/5/5/6/1282565546.mp3,Jazz
2019-05-07 01:05:57.814170_40,Boney James,Butter,https://listen.hs.llnwd.net/g2/7/5/5/5/6/928265557.mp3,Jazz
2019-05-07 01:05:57.814170_41,Chuck Mangione,Feels So Good,https://listen.hs.llnwd.net/g1/1/3/1/2/2/1013622131.mp3,Jazz
2019-05-07 01:05:57.814170_42,George Benson,On Broadway,https://listen.hs.llnwd.net/g3/3/4/7/8/8/1330788743.mp3,Jazz
2019-05-07 01:05:57.814170_43,Ella Fitzgerald,Dream A Little Dream Of Me,https://listen.hs.llnwd.net/g1/9/1/9/4/2/104824919.mp3,Jazz
2019-05-07 01:05:57.814170_44,Norah Jones,Lonestar,https://listen.hs.llnwd.net/g1/7/9/6/7/1/384417697.mp3,Jazz
2019-05-07 01:05:57.814170_45,Kenny G,Silhouette,https://listen.hs.llnwd.net/g3/3/2/8/0/0/1282100823.mp3,Jazz
2019-05-07 01:05:57.814170_46,George Benson,Give Me The Night,https://listen.hs.llnwd.net/g3/9/8/6/4/2/1282324689.mp3,Jazz
2019-05-07 01:05:57.814170_47,Norah Jones,Nightingale,https://listen.hs.llnwd.net/g1/7/6/9/7/1/384417967.mp3,Jazz
2019-05-07 01:05:57.814170_48,Norah Jones,One Flight Down,https://listen.hs.llnwd.net/g1/9/0/0/8/1/384418009.mp3,Jazz
2019-05-07 01:05:57.814170_49,Miles Davis,Flamenco Sketches,https://listen.hs.llnwd.net/g1/2/9/7/7/8/136187792.mp3,Jazz
2019-05-07 01:05:57.814170_50,Fuerza Regida,En Modesto Se la Pasa,https://listen.hs.llnwd.net/g3/0/6/8/1/3/1423531860.mp3,Jazz
2019-05-07 01:05:57.814170_51,Boney James,Either Way featuring Stokley,https://listen.hs.llnwd.net/g3/2/8/3/2/9/1283692382.mp3,Jazz
2019-05-07 01:05:57.814170_52,Boney James,Vinyl,https://listen.hs.llnwd.net/g3/4/1/1/0/1/1171010114.mp3,Jazz
2019-05-07 01:05:57.814170_53,Billie Holiday,I'll Be Seeing You,https://listen.hs.llnwd.net/g3/4/9/6/5/2/1281825694.mp3,Jazz
2019-05-07 01:05:57.814170_54,Al Jarreau,We're In This Love Together,https://listen.hs.llnwd.net/g3/9/2/3/9/0/1283409329.mp3,Jazz
2019-05-07 01:05:57.814170_55,Miles Davis,Freddie Freeloader,https://listen.hs.llnwd.net/g1/8/0/5/9/6/104769508.mp3,Jazz
2019-05-07 01:05:57.814170_56,Norah Jones,The Long Day Is Over,https://listen.hs.llnwd.net/g1/3/8/0/8/1/384418083.mp3,Jazz
2019-05-07 01:05:57.814170_57,Arsenal Efectivo,Vida Peligrosa,https://listen.hs.llnwd.net/g3/1/5/4/4/7/1209574451.mp3,Jazz
2019-05-07 01:05:57.814170_58,Nat King Cole,L-O-V-E,https://listen.hs.llnwd.net/g1/1/3/2/7/0/118507231.mp3,Jazz
2019-05-07 01:05:57.814170_59,Gregory Porter,Insanity featuring Lalah Hathaway,https://listen.hs.llnwd.net/g3/1/9/7/0/1/1266010791.mp3,Jazz
2019-05-07 01:05:57.814170_60,Quincy Jones,The Secret Garden,https://listen.hs.llnwd.net/g3/7/4/1/3/2/1283423147.mp3,Jazz
2019-05-07 01:05:57.814170_61,Louis Armstrong,La Vie En Rose,https://listen.hs.llnwd.net/g3/1/0/9/6/9/1282796901.mp3,Jazz
2019-05-07 01:05:57.814170_62,Ray Charles,You Don't Know Me (Duet with Diana Krall),https://listen.hs.llnwd.net/g3/2/9/6/3/5/1281853692.mp3,Jazz
2019-05-07 01:05:57.814170_63,Glenn Miller,In The Mood,https://listen.hs.llnwd.net/g3/2/7/1/3/0/1283703172.mp3,Jazz
2019-05-07 01:05:57.814170_64,John Coltrane,In A Sentimental Mood,https://listen.hs.llnwd.net/g3/4/9/6/0/4/1281840694.mp3,Jazz
2019-05-07 01:05:57.814170_65,John Coltrane,Naima,https://listen.hs.llnwd.net/g3/4/1/9/8/8/1270888914.mp3,Jazz
2019-05-07 01:05:57.814170_66,Norah Jones,Painter Song,https://listen.hs.llnwd.net/g1/1/7/0/8/1/384418071.mp3,Jazz
2019-05-07 01:05:57.814170_67,Boney James,After The Rain,https://listen.hs.llnwd.net/g3/5/7/0/3/5/1283953075.mp3,Jazz
2019-05-07 01:05:57.814170_68,Nina Simone,Don't Let Me Be Misunderstood,https://listen.hs.llnwd.net/g2/5/3/7/3/3/915233735.mp3,Jazz
2019-05-07 01:05:57.814170_69,Brand New Heavies,Never Stop,https://listen.hs.llnwd.net/g3/6/4/8/1/1/1283411846.mp3,Jazz
2019-05-07 01:05:57.814170_70,George Benson,Love X Love,https://listen.hs.llnwd.net/g3/8/9/2/6/0/1282106298.mp3,Jazz
2019-05-07 01:05:57.814170_71,Ella Fitzgerald,Summertime,https://listen.hs.llnwd.net/g3/0/9/9/6/8/1282086990.mp3,Jazz
2019-05-07 01:05:57.814170_72,Diana Krall,California Dreamin',https://listen.hs.llnwd.net/g3/2/8/8/2/8/1117482882.mp3,Jazz
2019-05-07 01:05:57.814170_73,Mitchell Blueton,Fair Nuts,https://listen.hs.llnwd.net/g3/6/0/0/5/4/1384045006.mp3,Jazz
2019-05-07 01:05:57.814170_74,Arrana Animalia,Analyze Your Weakness,https://listen.hs.llnwd.net/g3/0/2/8/2/8/1386582820.mp3,Jazz
2019-05-07 01:05:57.814170_75,Arrana Animalia,Accept Constructive Criticism,https://listen.hs.llnwd.net/g3/8/7/8/2/8/1386582878.mp3,Jazz
2019-05-07 01:05:57.814170_76,Fuerza Regida,Soy Montero,,Jazz
2019-05-07 01:05:57.814170_77,James Morrison,You Give Me Something,https://listen.hs.llnwd.net/g3/4/6/4/8/9/1282098464.mp3,Jazz
2019-05-07 01:05:57.814170_78,Mitchell Blueton,Antique Cactus,https://listen.hs.llnwd.net/g3/3/0/8/4/4/1384044803.mp3,Jazz
2019-05-07 01:05:57.814170_79,Dragon Boylen,Value Dock,https://listen.hs.llnwd.net/g3/7/1/8/1/3/1382931817.mp3,Jazz
2019-05-07 01:05:57.814170_80,Snow Blankership,Briefcase Gallery,https://listen.hs.llnwd.net/g3/7/5/0/6/4/1382946057.mp3,Jazz
2019-05-07 01:05:57.814170_81,Arrana Animalia,Ask For Help,https://listen.hs.llnwd.net/g3/6/1/8/2/8/1386582816.mp3,Jazz
2019-05-07 01:05:57.814170_82,Arrana Animalia,Always Forgie Yourself,https://listen.hs.llnwd.net/g3/2/2/8/2/8/1386582822.mp3,Jazz
2019-05-07 01:05:57.814170_83,Arrana Animalia,Appreciate The Moment,https://listen.hs.llnwd.net/g3/5/7/8/2/8/1386582875.mp3,Jazz
2019-05-07 01:05:57.814170_84,Arrana Animalia,All Is Well,https://listen.hs.llnwd.net/g3/3/2/9/2/8/1386582923.mp3,Jazz
2019-05-07 01:05:57.814170_85,Mitchell Blueton,Coal Lentil,https://listen.hs.llnwd.net/g3/0/7/6/4/4/1384044670.mp3,Jazz
2019-05-07 01:05:57.814170_86,Snow Blankership,Balcony Signature,https://listen.hs.llnwd.net/g3/2/0/7/4/4/1382944702.mp3,Jazz
2019-05-07 01:05:57.814170_87,Arrana Animalia,Avoid Financial Hierarchies,https://listen.hs.llnwd.net/g3/8/1/8/2/8/1386582818.mp3,Jazz
2019-05-07 01:05:57.814170_88,Arrana Animalia,Always Remain Neutral,https://listen.hs.llnwd.net/g3/2/8/8/2/8/1386582882.mp3,Jazz
2019-05-07 01:05:57.814170_89,Arrana Animalia,Always Live Consciously,https://listen.hs.llnwd.net/g3/3/8/8/2/8/1386582883.mp3,Jazz
2019-05-07 01:05:57.814170_90,Arrana Animalia,Always Add Value,https://listen.hs.llnwd.net/g3/1/2/8/2/8/1386582821.mp3,Jazz
2019-05-07 01:05:57.814170_91,Shanna Flock,Cockroach Ladder,https://listen.hs.llnwd.net/g3/1/7/2/0/7/1368070271.mp3,Jazz
2019-05-07 01:05:57.814170_92,Mitchell Blueton,Elastic Choir,https://listen.hs.llnwd.net/g3/0/8/9/4/4/1384044980.mp3,Jazz
2019-05-07 01:05:57.814170_93,Arrana Animalia,Action Gets Results,https://listen.hs.llnwd.net/g3/5/2/9/2/8/1386582925.mp3,Jazz
2019-05-07 01:05:57.814170_94,Mitchell Blueton,Title Miser,https://listen.hs.llnwd.net/g3/8/7/8/4/4/1384044878.mp3,Jazz
2019-05-07 01:05:57.814170_95,Snow Blankership,Down Light Lollipop,https://listen.hs.llnwd.net/g3/8/3/2/7/4/1382947238.mp3,Jazz
2019-05-07 01:05:57.814170_96,Mitchell Blueton,Sardine Definition,https://listen.hs.llnwd.net/g3/8/1/8/4/4/1384044818.mp3,Jazz
2019-05-07 01:05:57.814170_97,Aldo Trujillo,Todos Hablan Nada Saben,https://listen.hs.llnwd.net/g3/0/8/4/5/1/1418315480.mp3,Jazz
2019-05-07 01:05:57.814170_98,Kuldip Pelopis,Union Neon Light,https://listen.hs.llnwd.net/g3/9/7/8/4/2/1450224879.mp3,Jazz
2019-05-07 01:05:57.814170_99,Kuldip Pelopis,Crowd Insult,https://listen.hs.llnwd.net/g3/7/7/3/3/2/1450223377.mp3,Jazz
2019-05-07 01:05:57.814170_100,Kuldip Pelopis,Saliva Poem,https://listen.hs.llnwd.net/g3/8/1/5/3/2/1450223518.mp3,Jazz
2019-05-07 01:05:58.812825_1,Marshmello & Bastille,Happier,https://listen.hs.llnwd.net/g3/7/1/1/4/9/1434794117.mp3,Electronic
2019-05-07 01:05:58.812825_2,The Chainsmokers,Closer,https://listen.hs.llnwd.net/g3/1/6/6/9/5/1277759661.mp3,Electronic
2019-05-07 01:05:58.812825_3,Ava Max,Sweet but Psycho,https://listen.hs.llnwd.net/g3/5/9/9/4/3/1434834995.mp3,Electronic
2019-05-07 01:05:58.812825_4,The Chainsmokers,Something Just Like This (feat. Coldplay),https://listen.hs.llnwd.net/g3/9/8/2/0/0/1321600289.mp3,Electronic
2019-05-07 01:05:58.812825_5,The Chainsmokers,Don't Let Me Down (feat. Daya),https://listen.hs.llnwd.net/g3/0/3/1/2/5/1242152130.mp3,Electronic
2019-05-07 01:05:58.812825_6,DJ Snake,Taki Taki (feat. Cardi B Ozuna & Selena Gomez),https://listen.hs.llnwd.net/g3/3/3/3/6/6/1445266333.mp3,Electronic
2019-05-07 01:05:58.812825_7,The Chainsmokers,Who Do You Love (feat. 5 Seconds of Summer),https://listen.hs.llnwd.net/g3/1/8/3/9/2/1479229381.mp3,Electronic
2019-05-07 01:05:58.812825_8,Zedd & Maren Morris & Grey,The Middle (feat. Maren Morris),https://listen.hs.llnwd.net/g3/8/5/8/2/6/1387562858.mp3,Electronic
2019-05-07 01:05:58.812825_9,Marshmello,Silence,https://listen.hs.llnwd.net/g3/2/7/6/0/9/1355790672.mp3,Electronic
2019-05-07 01:05:58.812825_10,Lauv,I Like Me Better,https://listen.hs.llnwd.net/g3/1/4/6/4/8/1431284641.mp3,Electronic
2019-05-07 01:05:58.812825_11,Major Lazer,Lean On (feat. MØ & DJ Snake),https://listen.hs.llnwd.net/g3/3/4/6/3/5/1153853643.mp3,Electronic
2019-05-07 01:05:58.812825_12,Ellie Goulding Diplo Swae Lee,Close To Me,https://listen.hs.llnwd.net/g3/8/6/6/8/9/1449998668.mp3,Electronic
2019-05-07 01:05:58.812825_13,Zedd & Alessia Cara,Stay,https://listen.hs.llnwd.net/g3/9/5/7/7/8/1320787759.mp3,Electronic
2019-05-07 01:05:58.812825_14,The Chainsmokers,Do You Mean,https://listen.hs.llnwd.net/g3/6/8/4/1/6/1503561486.mp3,Electronic
2019-05-07 01:05:58.812825_15,Kygo & Selena Gomez,It Ain't Me,https://listen.hs.llnwd.net/g3/3/6/5/6/3/1319836563.mp3,Electronic
2019-05-07 01:05:58.812825_16,The Chainsmokers,Roses (feat. Rozes),https://listen.hs.llnwd.net/g3/7/3/1/5/7/1282775137.mp3,Electronic
2019-05-07 01:05:58.812825_17,Loud Luxury,Body,https://listen.hs.llnwd.net/g3/1/7/0/3/0/1427903071.mp3,Electronic
2019-05-07 01:05:58.812825_18,Marshmello & Anne-Marie,Friends,https://listen.hs.llnwd.net/g3/6/0/5/0/5/1442750506.mp3,Electronic
2019-05-07 01:05:58.812825_19,DJ Snake,Turn Down For What,https://listen.hs.llnwd.net/g3/9/6/8/2/6/1282562869.mp3,Electronic
2019-05-07 01:05:58.812825_20,The Chainsmokers,Paris,https://listen.hs.llnwd.net/g3/3/3/4/2/8/1313582433.mp3,Electronic
2019-05-07 01:05:58.812825_21,Alan Walker,Faded,https://listen.hs.llnwd.net/g3/0/8/3/6/6/1460966380.mp3,Electronic
2019-05-07 01:05:58.812825_22,Marshmello,Alone,https://listen.hs.llnwd.net/g3/1/9/1/6/2/1471426191.mp3,Electronic
2019-05-07 01:05:58.812825_23,Clean Bandit,Rockabye (feat. Sean Paul & Anne-Marie),https://listen.hs.llnwd.net/g3/7/2/8/5/7/1455775827.mp3,Electronic
2019-05-07 01:05:58.812825_24,DJ Snake,Let Me Love You featuring Justin Bieber,https://listen.hs.llnwd.net/g3/5/3/9/6/3/1279036935.mp3,Electronic
2019-05-07 01:05:58.812825_25,Marian Hill,Down,https://listen.hs.llnwd.net/g3/7/3/7/0/8/1271880737.mp3,Electronic
2019-05-07 01:05:58.812825_26,Martin Garrix,Summer Days (feat. Macklemore & Patrick Stump of Fall Out Boy),https://listen.hs.llnwd.net/g3/6/6/3/1/1/1503911366.mp3,Electronic
2019-05-07 01:05:58.812825_27,The Chainsmokers,This Feeling,https://listen.hs.llnwd.net/g3/6/5/0/0/4/1463640056.mp3,Electronic
2019-05-07 01:05:58.812825_28,The Chainsmokers,Kills You Slowly,https://listen.hs.llnwd.net/g3/4/0/3/5/3/1492535304.mp3,Electronic
2019-05-07 01:05:58.812825_29,Lauv,I'm So Tired...,https://listen.hs.llnwd.net/g3/0/5/9/6/9/1469796950.mp3,Electronic
2019-05-07 01:05:58.812825_30,Martin Garrix,In The Name Of Love,https://listen.hs.llnwd.net/g3/1/8/0/6/5/1281856081.mp3,Electronic
2019-05-07 01:05:58.812825_31,Clean Bandit,Rather Be feat. Jess Glynne,https://listen.hs.llnwd.net/g3/5/6/8/8/1/1080518865.mp3,Electronic
2019-05-07 01:05:58.812825_32,Becky G & Digital Farm Animals,Next To You (feat. Rvssian),https://listen.hs.llnwd.net/g3/7/3/9/0/4/1503040937.mp3,Electronic
2019-05-07 01:05:58.812825_33,Silk City & Dua Lipa,Electricity,https://listen.hs.llnwd.net/g3/3/5/5/7/0/1439007553.mp3,Electronic
2019-05-07 01:05:58.812825_34,Calvin Harris & Sam Smith,Promises,https://listen.hs.llnwd.net/g3/6/2/8/3/4/1434643826.mp3,Electronic
2019-05-07 01:05:58.812825_35,Major Lazer,Cold Water featuring Justin Bieber MØ,https://listen.hs.llnwd.net/g3/0/0/8/4/0/1283404800.mp3,Electronic
2019-05-07 01:05:58.812825_36,Anne-Marie,2002,https://listen.hs.llnwd.net/g3/9/0/4/0/2/1404920409.mp3,Electronic
2019-05-07 01:05:58.812825_37,Cheat Codes,No Promises (feat. Demi Lovato),https://listen.hs.llnwd.net/g3/0/7/5/9/8/1373889570.mp3,Electronic
2019-05-07 01:05:58.812825_38,AlunaGeorge,You Know You Like It (DJ Snake Remix),https://listen.hs.llnwd.net/g3/2/9/1/3/5/1281853192.mp3,Electronic
2019-05-07 01:05:58.812825_39,Rudimental,These Days (feat. Jess Glynne Macklemore & Dan Caplen),https://listen.hs.llnwd.net/g3/1/2/5/7/5/1474357521.mp3,Electronic
2019-05-07 01:05:58.812825_40,Jack Ü,Where Are Ü Now (feat. Justin Bieber),https://listen.hs.llnwd.net/g3/3/0/4/4/6/1325464403.mp3,Electronic
2019-05-07 01:05:58.812825_41,Social House,Magic In The Hamptons,https://listen.hs.llnwd.net/g3/4/3/6/8/0/1415408634.mp3,Electronic
2019-05-07 01:05:58.812825_42,Clean Bandit,Symphony (feat. Zara Larsson),https://listen.hs.llnwd.net/g3/6/6/1/6/6/1458866166.mp3,Electronic
2019-05-07 01:05:58.812825_43,Skrillex,Bangarang (feat. Sirah),https://listen.hs.llnwd.net/g3/3/3/0/4/6/1282564033.mp3,Electronic
2019-05-07 01:05:58.812825_44,Clean Bandit,Solo (feat. Demi Lovato),https://listen.hs.llnwd.net/g3/9/6/1/6/6/1458866169.mp3,Electronic
2019-05-07 01:05:58.812825_45,Swedish House Mafia,Don't You Worry Child (Radio Edit) [feat. John Martin],https://listen.hs.llnwd.net/g3/5/3/6/8/4/1281848635.mp3,Electronic
2019-05-07 01:05:58.812825_46,Zedd & Katy Perry,365,https://listen.hs.llnwd.net/g3/0/0/5/6/7/1481476500.mp3,Electronic
2019-05-07 01:05:58.812825_47,Dynoro,In My Mind,https://listen.hs.llnwd.net/g3/2/4/7/9/5/1413959742.mp3,Electronic
2019-05-07 01:05:58.812825_48,Robin Schulz,Sugar (feat. Francesco Yates),https://listen.hs.llnwd.net/g3/3/9/3/0/2/1281820393.mp3,Electronic
2019-05-07 01:05:58.812825_49,Sofi Tukker,Best Friend,https://listen.hs.llnwd.net/g3/0/3/9/6/3/1484436930.mp3,Electronic
2019-05-07 01:05:58.812825_50,Alina Baraz,Electric (feat. Khalid),https://listen.hs.llnwd.net/g3/2/3/7/6/6/1401966732.mp3,Electronic
2019-05-07 01:05:58.812825_51,Ava Max,So Am I,https://listen.hs.llnwd.net/g3/5/5/2/7/0/1488007255.mp3,Electronic
2019-05-07 01:05:58.812825_52,Timmy Trumpet,Freaks featuring Savage,https://listen.hs.llnwd.net/g3/0/9/9/9/9/1283699990.mp3,Electronic
2019-05-07 01:05:58.812825_53,Martin Garrix & Dua Lipa,Scared To Be Lonely,https://listen.hs.llnwd.net/g3/1/2/1/7/8/1323187121.mp3,Electronic
2019-05-07 01:05:58.812825_54,Galantis,Runaway (U & I),https://listen.hs.llnwd.net/g3/1/1/9/0/1/1282610911.mp3,Electronic
2019-05-07 01:05:58.812825_55,Major Lazer,Light It Up (Remix) [feat. Nyla & Fuse ODG],https://listen.hs.llnwd.net/g3/7/1/0/2/9/1282092017.mp3,Electronic
2019-05-07 01:05:58.812825_56,Skrillex,Purple Lamborghini,https://listen.hs.llnwd.net/g3/8/4/6/1/9/1277991648.mp3,Electronic
2019-05-07 01:05:58.812825_57,Marshmello,Keep It Mello (feat. Omar Linx),https://listen.hs.llnwd.net/g3/6/5/3/7/8/1233487356.mp3,Electronic
2019-05-07 01:05:58.812825_58,Aaron Smith,Dancin (Krono Remix),https://listen.hs.llnwd.net/g3/8/0/0/3/2/1482023008.mp3,Electronic
2019-05-07 01:05:58.812825_59,NOTD & Felix Jaehn,So Close (feat. Georgia Ku & Capitan Cuts),https://listen.hs.llnwd.net/g3/3/9/5/9/5/1452259593.mp3,Electronic
2019-05-07 01:05:58.812825_60,Kungs,This Girl (Kungs Vs. Cookin' On 3 Burners),https://listen.hs.llnwd.net/g3/0/8/0/3/1/1302513080.mp3,Electronic
2019-05-07 01:05:58.812825_61,DJ Snake,Middle featuring Bipolar Sunshine,https://listen.hs.llnwd.net/g3/4/5/8/8/1/1282318854.mp3,Electronic
2019-05-07 01:05:58.812825_62,Martin Garrix,Ocean,https://listen.hs.llnwd.net/g3/5/4/3/6/2/1418426345.mp3,Electronic
2019-05-07 01:05:58.812825_63,Daft Punk,Around The World,https://listen.hs.llnwd.net/g3/0/9/1/2/2/1283422190.mp3,Electronic
2019-05-07 01:05:58.812825_64,Tiësto & Dzeko,Jackie Chan (feat. Preme & Post Malone),https://listen.hs.llnwd.net/g3/0/3/3/2/0/1409702330.mp3,Electronic
2019-05-07 01:05:58.812825_65,Alan Walker,Darkside,https://listen.hs.llnwd.net/g3/2/4/5/6/6/1460966542.mp3,Electronic
2019-05-07 01:05:58.812825_66,The Chainsmokers,All We Know,https://listen.hs.llnwd.net/g3/6/5/4/5/1/1289815456.mp3,Electronic
2019-05-07 01:05:58.812825_67,Petit Biscuit,Sunset Lover,https://listen.hs.llnwd.net/g3/4/1/7/9/2/1281929714.mp3,Electronic
2019-05-07 01:05:58.812825_68,Halsey,Without Me (ILLENIUM Remix),https://listen.hs.llnwd.net/g3/3/0/0/9/7/1463179003.mp3,Electronic
2019-05-07 01:05:58.812825_69,Marshmello,Fly (feat. Leah Culver),https://listen.hs.llnwd.net/g3/1/5/6/6/8/1396086651.mp3,Electronic
2019-05-07 01:05:58.812825_70,Moby,Porcelain,https://listen.hs.llnwd.net/g1/4/6/8/0/3/104930864.mp3,Electronic
2019-05-07 01:05:58.812825_71,Lauv,There's No Way (feat. Julia Michaels),https://listen.hs.llnwd.net/g3/5/8/3/9/8/1439389385.mp3,Electronic
2019-05-07 01:05:58.812825_72,Calvin Harris & Rag'n'Bone Man,Giant,https://listen.hs.llnwd.net/g3/2/9/8/8/4/1470248892.mp3,Electronic
2019-05-07 01:05:58.812825_73,The Chainsmokers,Hope,https://listen.hs.llnwd.net/g3/1/2/1/0/4/1463640121.mp3,Electronic
2019-05-07 01:05:58.812825_74,Diplo & Cam,So Long,https://listen.hs.llnwd.net/g3/6/9/6/8/8/1503488696.mp3,Electronic
2019-05-07 01:05:58.812825_75,Skrillex,Make It Bun Dem,https://listen.hs.llnwd.net/g3/0/1/1/2/3/1281932110.mp3,Electronic
2019-05-07 01:05:58.812825_76,Clean Bandit,I Miss You (feat. Julia Michaels),https://listen.hs.llnwd.net/g3/0/9/1/6/6/1458866190.mp3,Electronic
2019-05-07 01:05:58.812825_77,Skrillex,Scary Monsters And Nice Sprites,https://listen.hs.llnwd.net/g3/0/4/1/8/6/1455768140.mp3,Electronic
2019-05-07 01:05:58.812825_78,Rednex,Cotton Eye Joe (Original Version),https://listen.hs.llnwd.net/g3/5/2/0/7/0/1283407025.mp3,Electronic
2019-05-07 01:05:58.812825_79,Moby,Flower,https://listen.hs.llnwd.net/g3/2/3/9/3/2/1281923932.mp3,Electronic
2019-05-07 01:05:58.812825_80,Marshmello,Spotlight,https://listen.hs.llnwd.net/g3/7/1/6/7/5/1385057617.mp3,Electronic
2019-05-07 01:05:58.812825_81,Cheat Codes,Feels Great (feat. Fetty Wap & CVBZ),https://listen.hs.llnwd.net/g3/8/8/0/4/1/1378714088.mp3,Electronic
2019-05-07 01:05:58.812825_82,Flume,Say It (feat. Tove Lo),https://listen.hs.llnwd.net/g3/8/3/4/7/0/1432507438.mp3,Electronic
2019-05-07 01:05:58.812825_83,Major Lazer,Know No Better (feat. Travis Scott Camila Cabello & Quavo),https://listen.hs.llnwd.net/g3/4/3/7/7/7/1340677734.mp3,Electronic
2019-05-07 01:05:58.812825_84,Alan Walker,Alone,https://listen.hs.llnwd.net/g3/0/9/3/6/6/1460966390.mp3,Electronic
2019-05-07 01:05:58.812825_85,Martin Garrix,Animals (Original Mix),https://listen.hs.llnwd.net/g3/1/1/5/8/8/1409288511.mp3,Electronic
2019-05-07 01:05:58.812825_86,Marshmello,Summer,https://listen.hs.llnwd.net/g3/8/7/2/7/8/1233487278.mp3,Electronic
2019-05-07 01:05:58.812825_87,Breakbot,Baby I'm Yours,https://listen.hs.llnwd.net/g3/9/6/2/6/6/1060766269.mp3,Electronic
2019-05-07 01:05:58.812825_88,Galantis,No Money,https://listen.hs.llnwd.net/g3/1/2/4/2/3/1352732421.mp3,Electronic
2019-05-07 01:05:58.812825_89,The Chainsmokers,Something Just Like This,https://listen.hs.llnwd.net/g3/6/6/7/3/6/1330663766.mp3,Electronic
2019-05-07 01:05:58.812825_90,Galantis,Bones (feat. OneRepublic) (Galantis & shndō VIP Mix),https://listen.hs.llnwd.net/g3/7/5/5/7/5/1503257557.mp3,Electronic
2019-05-07 01:05:58.812825_91,Axwell Ʌ Ingrosso,More Than You Know,https://listen.hs.llnwd.net/g3/1/4/5/4/5/1338654541.mp3,Electronic
2019-05-07 01:05:58.812825_92,Alan Walker,All Falls Down,https://listen.hs.llnwd.net/g3/4/7/7/6/6/1460966774.mp3,Electronic
2019-05-07 01:05:58.812825_93,Skrillex,First Of The Year (Equinox),https://listen.hs.llnwd.net/g3/0/6/8/1/7/1068271860.mp3,Electronic
2019-05-07 01:05:58.812825_94,Eiffel 65,Blue,https://listen.hs.llnwd.net/g3/0/1/1/3/1/1207513110.mp3,Electronic
2019-05-07 01:05:58.812825_95,Logic & Marshmello,Everyday,https://listen.hs.llnwd.net/g3/0/3/2/3/6/1395763230.mp3,Electronic
2019-05-07 01:05:58.812825_96,Galimatias,Fantasy,https://listen.hs.llnwd.net/g3/6/6/0/2/9/1165192066.mp3,Electronic
2019-05-07 01:05:58.812825_97,Cardi B,I Like It (Dillon Francis Remix),https://listen.hs.llnwd.net/g3/7/9/1/0/2/1420220197.mp3,Electronic
2019-05-07 01:05:58.812825_98,Massive Attack,Teardrop,https://listen.hs.llnwd.net/g1/4/9/5/5/3/104635594.mp3,Electronic
2019-05-07 01:05:58.812825_99,Cascada,Everytime We Touch,https://listen.hs.llnwd.net/g1/5/7/3/6/5/107256375.mp3,Electronic
2019-05-07 01:05:58.812825_100,RL Grime,Ucla,https://listen.hs.llnwd.net/g3/2/0/6/7/9/1429197602.mp3,Electronic
2019-05-07 01:05:59.727571_1,Lindsey Stirling,Shatter Me Featuring Lzzy Hale,https://listen.hs.llnwd.net/g3/4/3/3/9/0/1071509334.mp3,Classical
2019-05-07 01:05:59.727571_2,Lindsey Stirling,Crystallize,https://listen.hs.llnwd.net/g3/3/6/0/4/7/1282574063.mp3,Classical
2019-05-07 01:05:59.727571_3,The Piano Guys,A Thousand Years,https://listen.hs.llnwd.net/g1/3/7/9/4/4/966144973.mp3,Classical
2019-05-07 01:05:59.727571_4,Andrea Bocelli,Time to say goodbye (Con te partirè),https://listen.hs.llnwd.net/g3/5/1/2/2/1/1282112215.mp3,Classical
2019-05-07 01:05:59.727571_5,Johann Sebastian Bach,Cello Suite No. 1: Prelude,https://listen.hs.llnwd.net/g3/1/3/0/8/2/1323028031.mp3,Classical
2019-05-07 01:05:59.727571_6,Lindsey Stirling,Roundtable Rival,https://listen.hs.llnwd.net/g3/2/2/3/9/0/1071509322.mp3,Classical
2019-05-07 01:05:59.727571_7,The Piano Guys,Beethoven's 5 Secrets,https://listen.hs.llnwd.net/g1/0/5/4/5/4/966145450.mp3,Classical
2019-05-07 01:05:59.727571_8,Yiruma,River Flows In You,https://listen.hs.llnwd.net/g1/0/6/7/3/3/1042533760.mp3,Classical
2019-05-07 01:05:59.727571_9,Lindsey Stirling,Elements,https://listen.hs.llnwd.net/g1/4/6/4/7/8/1028987464.mp3,Classical
2019-05-07 01:05:59.727571_10,The Piano Guys,The Cello Song,https://listen.hs.llnwd.net/g1/6/5/2/3/4/966143256.mp3,Classical
2019-05-07 01:05:59.727571_11,The Piano Guys,Titanium / Pavane,https://listen.hs.llnwd.net/g3/6/4/7/5/3/1282335746.mp3,Classical
2019-05-07 01:05:59.727571_12,Mr. Big,To Be With You,https://listen.hs.llnwd.net/g3/4/6/6/3/8/1302283664.mp3,Classical
2019-05-07 01:05:59.727571_13,Lindsey Stirling,The Arena,https://listen.hs.llnwd.net/g3/4/2/6/3/1/1281013624.mp3,Classical
2019-05-07 01:05:59.727571_14,Andrew Lloyd Webber,The Phantom Of The Opera,https://listen.hs.llnwd.net/g3/6/9/8/0/2/1281820896.mp3,Classical
2019-05-07 01:05:59.727571_15,Lindsey Stirling,Song of the Caged Bird,https://listen.hs.llnwd.net/g3/9/9/6/2/2/1283422699.mp3,Classical
2019-05-07 01:05:59.727571_16,Ludwig van Beethoven,Moonlight Sonata Opus 27 No. 2 - Adagio Sostenuto,https://listen.hs.llnwd.net/g3/8/7/9/8/7/1282778978.mp3,Classical
2019-05-07 01:05:59.727571_17,Andrea Bocelli,Besame Mucho,https://listen.hs.llnwd.net/g3/6/4/9/5/7/1299975946.mp3,Classical
2019-05-07 01:05:59.727571_18,Lindsey Stirling,Electric Daisy Violin,https://listen.hs.llnwd.net/g1/3/3/6/7/8/1028987633.mp3,Classical
2019-05-07 01:05:59.727571_19,The Piano Guys,Over the Rainbow/Simple Gifts,https://listen.hs.llnwd.net/g3/5/5/8/2/7/1282572855.mp3,Classical
2019-05-07 01:05:59.727571_20,Andrea Bocelli,Con Te Partiro,https://listen.hs.llnwd.net/g3/0/9/7/6/1/1281916790.mp3,Classical
2019-05-07 01:05:59.727571_21,Isaac Shepard,Campground Stargazing,https://listen.hs.llnwd.net/g3/5/9/5/5/4/1279445595.mp3,Classical
2019-05-07 01:05:59.727571_22,Lindsey Stirling,Shadows,https://listen.hs.llnwd.net/g3/0/5/3/4/6/1282564350.mp3,Classical
2019-05-07 01:05:59.727571_23,Stephen Hoganson,Danube,https://listen.hs.llnwd.net/g3/7/0/7/8/6/1408168707.mp3,Classical
2019-05-07 01:05:59.727571_24,Lindsey Stirling,Moon Trance,https://listen.hs.llnwd.net/g3/7/9/0/1/8/1284181097.mp3,Classical
2019-05-07 01:05:59.727571_25,Yo-Yo Ma,The Mission - The Mission: Gabriel's Oboe,https://listen.hs.llnwd.net/g3/2/8/1/9/4/1353249182.mp3,Classical
2019-05-07 01:05:59.727571_26,Lindsey Stirling,Transcendence,https://listen.hs.llnwd.net/g3/5/2/8/4/2/1281824825.mp3,Classical
2019-05-07 01:05:59.727571_27,Johann Sebastian Bach,Ave Maria,https://listen.hs.llnwd.net/g3/0/5/5/8/2/1323028550.mp3,Classical
2019-05-07 01:05:59.727571_28,The Thing About Noise,Night,https://listen.hs.llnwd.net/g3/4/2/2/7/0/1339807224.mp3,Classical
2019-05-07 01:05:59.727571_29,Ludovico Einaudi,Nuvole bianche,https://listen.hs.llnwd.net/g1/9/4/7/4/7/130374749.mp3,Classical
2019-05-07 01:05:59.727571_30,Wolfgang Amadeus Mozart,Allegro,https://listen.hs.llnwd.net/g3/6/8/7/7/8/1282087786.mp3,Classical
2019-05-07 01:05:59.727571_31,Lindsey Stirling,Master of Tides,https://listen.hs.llnwd.net/g3/3/1/3/9/0/1071509313.mp3,Classical
2019-05-07 01:05:59.727571_32,Stephen Hoganson,Ruminate,https://listen.hs.llnwd.net/g3/8/6/7/8/6/1408168768.mp3,Classical
2019-05-07 01:05:59.727571_33,Lindsey Stirling,Something Wild (feat.  Andrew McMahon in the Wilderness),https://listen.hs.llnwd.net/g3/7/5/5/3/1/1281013557.mp3,Classical
2019-05-07 01:05:59.727571_34,Frederic Chopin,Nocturne No. 2 in E flat major Op. 9 No. 2,https://listen.hs.llnwd.net/g3/7/3/2/6/3/1283536237.mp3,Classical
2019-05-07 01:05:59.727571_35,Lindsey Stirling,Hold My Heart (feat. ZZ Ward),https://listen.hs.llnwd.net/g3/3/4/4/4/1/1281014443.mp3,Classical
2019-05-07 01:05:59.727571_36,Yiruma,When The Love Falls,https://listen.hs.llnwd.net/g3/5/9/6/3/2/1283423695.mp3,Classical
2019-05-07 01:05:59.727571_37,Yo-Yo Ma,Unaccompanied Cello Suite No. 1 in G Major BWV 1007 - Unaccompanied Cello Suite No. 1 in G Major BWV 1007: Prélude,https://listen.hs.llnwd.net/g3/2/6/9/2/8/1393082962.mp3,Classical
2019-05-07 01:05:59.727571_38,Lindsey Stirling,Beyond the Veil,https://listen.hs.llnwd.net/g3/2/7/2/9/0/1071509272.mp3,Classical
2019-05-07 01:05:59.727571_39,Andrew Lloyd Webber,The Music Of The Night,https://listen.hs.llnwd.net/g1/9/7/8/1/2/1041621879.mp3,Classical
2019-05-07 01:05:59.727571_40,The Piano Guys,Fight Song / Amazing Grace,https://listen.hs.llnwd.net/g3/4/9/8/5/0/1288305894.mp3,Classical
2019-05-07 01:05:59.727571_41,Wolfgang Amadeus Mozart,'Eine kline Nachtmusik' Serenade No.13 In G Major 4th Movement,https://listen.hs.llnwd.net/g1/6/4/0/5/9/539895046.mp3,Classical
2019-05-07 01:05:59.727571_42,Lindsey Stirling,Zi-Zi's Journey,https://listen.hs.llnwd.net/g3/6/8/0/4/6/1282564086.mp3,Classical
2019-05-07 01:05:59.727571_43,Ludwig van Beethoven,Moonlight Sonata,https://listen.hs.llnwd.net/g3/8/2/0/7/2/1281827028.mp3,Classical
2019-05-07 01:05:59.727571_44,The Piano Guys,Arwen's Vigil,https://listen.hs.llnwd.net/g3/1/4/0/2/8/1282582041.mp3,Classical
2019-05-07 01:05:59.727571_45,Johann Sebastian Bach,Minuet in G Major (The Lover's Concerto),https://listen.hs.llnwd.net/g1/9/9/3/6/1/104916399.mp3,Classical
2019-05-07 01:05:59.727571_46,The Piano Guys,Perfect,https://listen.hs.llnwd.net/g3/1/4/1/4/2/1443024141.mp3,Classical
2019-05-07 01:05:59.727571_47,The Piano Guys,What Makes You Beautiful,https://listen.hs.llnwd.net/g1/0/9/2/3/4/966143290.mp3,Classical
2019-05-07 01:05:59.727571_48,Ludwig van Beethoven,Symphony No.5 In C Minor Op.67 - 1st Movement,https://listen.hs.llnwd.net/g1/1/6/3/0/4/105140361.mp3,Classical
2019-05-07 01:05:59.727571_49,The Piano Guys,Moonlight,https://listen.hs.llnwd.net/g1/7/2/1/5/4/966145127.mp3,Classical
2019-05-07 01:05:59.727571_50,Lindsey Stirling,Lost Girls,https://listen.hs.llnwd.net/g3/8/6/2/4/1/1281014268.mp3,Classical
2019-05-07 01:05:59.727571_51,Lindsey Stirling,Brave Enough (feat. Christina Perri),https://listen.hs.llnwd.net/g3/5/9/3/4/1/1281014395.mp3,Classical
2019-05-07 01:05:59.727571_52,Stephen Hoganson,Shim,https://listen.hs.llnwd.net/g3/9/0/7/8/6/1408168709.mp3,Classical
2019-05-07 01:05:59.727571_53,Samuel Barber,Adagio for Strings,https://listen.hs.llnwd.net/g3/4/8/7/0/0/1284400784.mp3,Classical
2019-05-07 01:05:59.727571_54,Andrew Lloyd Webber,All I Ask Of You,https://listen.hs.llnwd.net/g1/2/5/8/1/2/1041621852.mp3,Classical
2019-05-07 01:05:59.727571_55,Johann Sebastian Bach,Toccata and Fugue in D Minor,https://listen.hs.llnwd.net/g1/0/0/6/6/2/104926600.mp3,Classical
2019-05-07 01:05:59.727571_56,Andrea Bocelli,The Prayer,https://listen.hs.llnwd.net/g3/3/6/1/9/0/1282309163.mp3,Classical
2019-05-07 01:05:59.727571_57,The Piano Guys,Cello Wars,https://listen.hs.llnwd.net/g1/9/2/2/5/4/966145229.mp3,Classical
2019-05-07 01:05:59.727571_58,Isaac Shepard,Four Strokes Past Midnight,https://listen.hs.llnwd.net/g3/4/6/3/8/8/1334288364.mp3,Classical
2019-05-07 01:05:59.727571_59,The Piano Guys,Code Name Vivaldi,https://listen.hs.llnwd.net/g3/5/6/4/0/4/1283440465.mp3,Classical
2019-05-07 01:05:59.727571_60,Claude Debussy,Claire de lune,https://listen.hs.llnwd.net/g3/8/4/6/0/1/1283410648.mp3,Classical
2019-05-07 01:05:59.727571_61,The Piano Guys,All of Me,https://listen.hs.llnwd.net/g3/1/2/8/6/9/1284196821.mp3,Classical
2019-05-07 01:05:59.727571_62,The Piano Guys,Story of My Life,https://listen.hs.llnwd.net/g3/8/0/0/2/3/1109532008.mp3,Classical
2019-05-07 01:05:59.727571_63,The Piano Guys,Peponi (Paradise),https://listen.hs.llnwd.net/g1/4/4/1/3/4/966143144.mp3,Classical
2019-05-07 01:05:59.727571_64,Beethoven Consort,Moonlight Sonata (Solo Piano),https://listen.hs.llnwd.net/g1/3/1/2/5/3/325235213.mp3,Classical
2019-05-07 01:05:59.727571_65,Antonio Vivaldi,Spring' from 'The Four Seasons - Violin Concerto in E Major,https://listen.hs.llnwd.net/g3/3/9/3/1/3/1282131393.mp3,Classical
2019-05-07 01:05:59.727571_66,Lindsey Stirling,Minimal Beat,https://listen.hs.llnwd.net/g3/8/2/9/4/9/1284194928.mp3,Classical
2019-05-07 01:05:59.727571_67,Bob Dylan,Girl From The North Country,https://listen.hs.llnwd.net/g3/8/5/6/5/2/1281825658.mp3,Classical
2019-05-07 01:05:59.727571_68,Beethoven Consort,Für Elise,https://listen.hs.llnwd.net/g1/5/5/6/5/4/218445655.mp3,Classical
2019-05-07 01:05:59.727571_69,Stephen Hoganson,Naivete,https://listen.hs.llnwd.net/g3/6/0/7/8/6/1408168706.mp3,Classical
2019-05-07 01:05:59.727571_70,The Piano Guys,Rolling in the Deep,https://listen.hs.llnwd.net/g1/4/5/2/3/4/966143254.mp3,Classical
2019-05-07 01:05:59.727571_71,Johann Sebastian Bach,Harpsichord Concerto BVW 974: Adagio,https://listen.hs.llnwd.net/g3/9/1/4/8/2/1323028419.mp3,Classical
2019-05-07 01:05:59.727571_72,Lindsey Stirling,Stars Align,https://listen.hs.llnwd.net/g1/3/5/0/8/8/1028988053.mp3,Classical
2019-05-07 01:05:59.727571_73,Johann Sebastian Bach,Prelude In C,https://listen.hs.llnwd.net/g3/9/8/1/2/2/1283422189.mp3,Classical
2019-05-07 01:05:59.727571_74,Claude Debussy,Suite bergamasque: Clair de lune,https://listen.hs.llnwd.net/g1/3/3/2/6/0/844806233.mp3,Classical
2019-05-07 01:05:59.727571_75,Isaac Shepard,Heal Me,https://listen.hs.llnwd.net/g3/9/9/1/8/8/1334288199.mp3,Classical
2019-05-07 01:05:59.727571_76,Isaac Shepard,Daydreaming Down Los Alisos,https://listen.hs.llnwd.net/g3/8/2/5/5/4/1279445528.mp3,Classical
2019-05-07 01:05:59.727571_77,Andrea Bocelli,Romanza,https://listen.hs.llnwd.net/g1/8/6/0/2/7/258072068.mp3,Classical
2019-05-07 01:05:59.727571_78,The Piano Guys,A Million Dreams,https://listen.hs.llnwd.net/g3/7/5/1/4/2/1443024157.mp3,Classical
2019-05-07 01:05:59.727571_79,Lindsey Stirling,Elements (Orchestral Verison),https://listen.hs.llnwd.net/g3/8/4/8/4/0/1283704848.mp3,Classical
2019-05-07 01:05:59.727571_80,Ludwig van Beethoven,Symphony No.7 In A Major Op.92 - 2nd Movement,https://listen.hs.llnwd.net/g1/9/9/5/0/4/105140599.mp3,Classical
2019-05-07 01:05:59.727571_81,The Piano Guys,Michael Meets Mozart,https://listen.hs.llnwd.net/g1/8/5/2/3/4/966143258.mp3,Classical
2019-05-07 01:05:59.727571_82,The Piano Guys,In My Blood / Swan Lake,https://listen.hs.llnwd.net/g3/8/2/3/4/2/1443024328.mp3,Classical
2019-05-07 01:05:59.727571_83,The Piano Guys,Just the Way You Are,https://listen.hs.llnwd.net/g1/2/1/0/1/2/991821012.mp3,Classical
2019-05-07 01:05:59.727571_84,The Piano Guys,Begin Again,https://listen.hs.llnwd.net/g3/3/9/1/5/5/1281855193.mp3,Classical
2019-05-07 01:05:59.727571_85,Lindsey Stirling,Spontaneous Me,https://listen.hs.llnwd.net/g3/0/2/4/2/2/1283422420.mp3,Classical
2019-05-07 01:05:59.727571_86,Aimee Mann,Save Me,https://listen.hs.llnwd.net/g3/0/4/6/2/2/1381222640.mp3,Classical
2019-05-07 01:05:59.727571_87,Ludwig van Beethoven,Für Elise,https://listen.hs.llnwd.net/g1/9/9/7/6/0/105106799.mp3,Classical
2019-05-07 01:05:59.727571_88,Claude Debussy,Clair De Lune,https://listen.hs.llnwd.net/g3/6/9/0/6/6/1284466096.mp3,Classical
2019-05-07 01:05:59.727571_89,The Piano Guys,Let It Go,https://listen.hs.llnwd.net/g3/4/5/0/2/3/1109532054.mp3,Classical
2019-05-07 01:05:59.727571_90,Lindsey Stirling,Heist,https://listen.hs.llnwd.net/g3/4/8/2/9/0/1071509284.mp3,Classical
2019-05-07 01:05:59.727571_91,Andrea Bocelli,Sogno,https://listen.hs.llnwd.net/g3/7/8/5/5/7/1299975587.mp3,Classical
2019-05-07 01:05:59.727571_92,Wolfgang Amadeus Mozart,Piano Concerto #23 In A,https://listen.hs.llnwd.net/g3/7/3/5/7/7/1282777537.mp3,Classical
2019-05-07 01:05:59.727571_93,Lindsey Stirling,Take Flight,https://listen.hs.llnwd.net/g3/1/1/3/9/0/1071509311.mp3,Classical
2019-05-07 01:05:59.727571_94,Ludwig van Beethoven,Piano Sonata No.14 In C Sharp Minor Op.27/2 - 1st Movement 'Moonlight,https://listen.hs.llnwd.net/g1/3/0/9/4/6/105164903.mp3,Classical
2019-05-07 01:05:59.727571_95,Johann Sebastian Bach,Jesu Bleibet Meine Freude,https://listen.hs.llnwd.net/g3/9/8/1/8/2/1323028189.mp3,Classical
2019-05-07 01:05:59.727571_96,Wolfgang Amadeus Mozart,The Marriage of Figaro (Overture),https://listen.hs.llnwd.net/g1/2/4/5/7/4/104647542.mp3,Classical
2019-05-07 01:05:59.727571_97,Ludwig van Beethoven,Sonate Au Clair De Lune,https://listen.hs.llnwd.net/g1/2/8/9/1/9/535491982.mp3,Classical
2019-05-07 01:05:59.727571_98,Yo-Yo Ma,The Mission - The Mission: The Falls,https://listen.hs.llnwd.net/g3/2/1/0/1/0/1394501012.mp3,Classical
2019-05-07 01:05:59.727571_99,Sleepaholics,Kodiak,https://listen.hs.llnwd.net/g3/6/2/3/3/0/1425203326.mp3,Classical
2019-05-07 01:05:59.727571_100,J. Brown,Sunrise Sunset,https://listen.hs.llnwd.net/g3/9/1/6/1/6/1446161619.mp3,Classical
2019-05-07 01:06:00.853603_1,Linkin Park,In The End,https://listen.hs.llnwd.net/g3/4/9/5/5/7/1400775594.mp3,Metal
2019-05-07 01:06:00.853603_2,Metallica,Enter Sandman,https://listen.hs.llnwd.net/g3/7/2/2/2/7/1301772227.mp3,Metal
2019-05-07 01:06:00.853603_3,Linkin Park,Numb,https://listen.hs.llnwd.net/g3/0/6/8/7/7/1325777860.mp3,Metal
2019-05-07 01:06:00.853603_4,Bon Jovi,Livin' On A Prayer,https://listen.hs.llnwd.net/g1/9/8/6/9/1/996419689.mp3,Metal
2019-05-07 01:06:00.853603_5,Disturbed,Down With The Sickness,https://listen.hs.llnwd.net/g1/2/7/8/5/1/1041915872.mp3,Metal
2019-05-07 01:06:00.853603_6,System of a Down,Chop Suey!,https://listen.hs.llnwd.net/g3/8/9/5/0/4/1281940598.mp3,Metal
2019-05-07 01:06:00.853603_7,Motley Crue,Kickstart My Heart,https://listen.hs.llnwd.net/g3/6/3/3/9/4/1370049336.mp3,Metal
2019-05-07 01:06:00.853603_8,Metallica,Nothing Else Matters,https://listen.hs.llnwd.net/g3/6/2/4/2/7/1301772426.mp3,Metal
2019-05-07 01:06:00.853603_9,Shinedown,Simple Man (Album Version),https://listen.hs.llnwd.net/g3/5/3/9/6/4/1281846935.mp3,Metal
2019-05-07 01:06:00.853603_10,Staind,It's Been Awhile,https://listen.hs.llnwd.net/g3/3/0/9/6/8/1299586903.mp3,Metal
2019-05-07 01:06:00.853603_11,Bon Jovi,Wanted Dead Or Alive,https://listen.hs.llnwd.net/g1/3/1/5/9/8/1043589513.mp3,Metal
2019-05-07 01:06:00.853603_12,Metallica,For Whom The Bell Tolls (Remastered),https://listen.hs.llnwd.net/g3/2/9/1/8/5/1301358192.mp3,Metal
2019-05-07 01:06:00.853603_13,Drowning Pool,Bodies,https://listen.hs.llnwd.net/g1/7/1/8/0/5/176050817.mp3,Metal
2019-05-07 01:06:00.853603_14,Rage Against The Machine,Killing In The Name (Explicit),https://listen.hs.llnwd.net/g3/8/5/5/6/3/1429536558.mp3,Metal
2019-05-07 01:06:00.853603_15,Motley Crue,Home Sweet Home,https://listen.hs.llnwd.net/g3/9/8/2/8/4/1370048289.mp3,Metal
2019-05-07 01:06:00.853603_16,Shinedown,Second Chance,https://listen.hs.llnwd.net/g3/2/2/5/9/9/1449099522.mp3,Metal
2019-05-07 01:06:00.853603_17,Avenged Sevenfold,Hail to the King,https://listen.hs.llnwd.net/g3/9/6/2/3/1/1449113269.mp3,Metal
2019-05-07 01:06:00.853603_18,Limp Bizkit,Break Stuff,https://listen.hs.llnwd.net/g1/4/7/0/4/5/1041954074.mp3,Metal
2019-05-07 01:06:00.853603_19,Rob Zombie,Dragula,https://listen.hs.llnwd.net/g3/1/5/6/6/7/1328276651.mp3,Metal
2019-05-07 01:06:00.853603_20,Linkin Park,One Step Closer,https://listen.hs.llnwd.net/g3/2/9/2/5/7/1400775292.mp3,Metal
2019-05-07 01:06:00.853603_21,Metallica,The Unforgiven,https://listen.hs.llnwd.net/g3/8/8/7/2/7/1301772788.mp3,Metal
2019-05-07 01:06:00.853603_22,System of a Down,toxicity,https://listen.hs.llnwd.net/g1/6/1/6/9/1/104719616.mp3,Metal
2019-05-07 01:06:00.853603_23,Linkin Park,Crawling,https://listen.hs.llnwd.net/g3/0/2/4/5/7/1400775420.mp3,Metal
2019-05-07 01:06:00.853603_24,Incubus,Drive,https://listen.hs.llnwd.net/g3/6/5/3/5/5/1281855356.mp3,Metal
2019-05-07 01:06:00.853603_25,Linkin Park,Somewhere I Belong,https://listen.hs.llnwd.net/g3/0/3/0/5/7/1325775030.mp3,Metal
2019-05-07 01:06:00.853603_26,Shinedown,Sound Of Madness,https://listen.hs.llnwd.net/g3/4/4/5/9/9/1449099544.mp3,Metal
2019-05-07 01:06:00.853603_27,Korn,Freak On A Leash,https://listen.hs.llnwd.net/g1/6/2/4/0/1/1007610426.mp3,Metal
2019-05-07 01:06:00.853603_28,Godsmack,Voodoo,https://listen.hs.llnwd.net/g1/0/3/0/3/4/1042243030.mp3,Metal
2019-05-07 01:06:00.853603_29,Trapt,Headstrong,https://listen.hs.llnwd.net/g3/8/1/0/7/9/1283697018.mp3,Metal
2019-05-07 01:06:00.853603_30,Audioslave,Like A Stone,https://listen.hs.llnwd.net/g1/9/6/8/6/2/1042526869.mp3,Metal
2019-05-07 01:06:00.853603_31,Metallica,Sad But True,https://listen.hs.llnwd.net/g3/8/3/7/2/7/1301772738.mp3,Metal
2019-05-07 01:06:00.853603_32,Poison,Every Rose Has Its Thorn,https://listen.hs.llnwd.net/g3/4/7/0/0/6/1283960074.mp3,Metal
2019-05-07 01:06:00.853603_33,Bon Jovi,You Give Love A Bad Name,https://listen.hs.llnwd.net/g3/0/8/8/2/5/1283952880.mp3,Metal
2019-05-07 01:06:00.853603_34,Fort Minor,Remember The Name,https://listen.hs.llnwd.net/g3/6/7/1/8/7/1389578176.mp3,Metal
2019-05-07 01:06:00.853603_35,Korn,Coming Undone,https://listen.hs.llnwd.net/g3/9/7/0/5/3/1253335079.mp3,Metal
2019-05-07 01:06:00.853603_36,Ozzy Osbourne,Crazy Train,https://listen.hs.llnwd.net/g3/5/4/7/0/8/1282980745.mp3,Metal
2019-05-07 01:06:00.853603_37,Breaking Benjamin,Breath,https://listen.hs.llnwd.net/g3/9/1/7/5/3/1283535719.mp3,Metal
2019-05-07 01:06:00.853603_38,Rage Against The Machine,Bulls on Parade,https://listen.hs.llnwd.net/g3/5/7/8/1/8/1059581875.mp3,Metal
2019-05-07 01:06:00.853603_39,Metallica,Wherever I May Roam,https://listen.hs.llnwd.net/g3/0/5/9/2/7/1301772950.mp3,Metal
2019-05-07 01:06:00.853603_40,Shinedown,Cut The Cord,https://listen.hs.llnwd.net/g3/2/5/0/0/8/1400780052.mp3,Metal
2019-05-07 01:06:00.853603_41,Linkin Park,Breaking The Habit,https://listen.hs.llnwd.net/g3/0/4/0/5/7/1325775040.mp3,Metal
2019-05-07 01:06:00.853603_42,Def Leppard,Pour Some Sugar On Me (Remastered 2017),https://listen.hs.llnwd.net/g3/3/5/4/0/4/1382240453.mp3,Metal
2019-05-07 01:06:00.853603_43,Linkin Park,Burn It Down,https://listen.hs.llnwd.net/g3/3/5/9/5/3/1283435953.mp3,Metal
2019-05-07 01:06:00.853603_44,Godsmack,Bulletproof,https://listen.hs.llnwd.net/g3/4/7/3/5/1/1405615374.mp3,Metal
2019-05-07 01:06:00.853603_45,Motley Crue,Dr. Feelgood,https://listen.hs.llnwd.net/g3/8/8/2/8/4/1370048288.mp3,Metal
2019-05-07 01:06:00.853603_46,Breaking Benjamin,So Cold,https://listen.hs.llnwd.net/g2/1/8/2/4/7/890774281.mp3,Metal
2019-05-07 01:06:00.853603_47,Pantera,Walk,https://listen.hs.llnwd.net/g3/3/1/2/1/4/1061541213.mp3,Metal
2019-05-07 01:06:00.853603_48,Metallica,Whiskey In The Jar,https://listen.hs.llnwd.net/g3/2/0/8/5/5/1301355802.mp3,Metal
2019-05-07 01:06:00.853603_49,System of a Down,Aerials,https://listen.hs.llnwd.net/g1/6/7/9/9/1/104719976.mp3,Metal
2019-05-07 01:06:00.853603_50,Slipknot,Duality,https://listen.hs.llnwd.net/g3/9/1/2/0/6/1400260219.mp3,Metal
2019-05-07 01:06:00.853603_51,Disturbed,Stupify,https://listen.hs.llnwd.net/g3/4/8/9/4/5/1283554984.mp3,Metal
2019-05-07 01:06:00.853603_52,Black Sabbath,Paranoid,https://listen.hs.llnwd.net/g3/5/1/6/5/4/1056645615.mp3,Metal
2019-05-07 01:06:00.853603_53,System of a Down,B.Y.O.B.,https://listen.hs.llnwd.net/g3/1/8/1/3/4/1283543181.mp3,Metal
2019-05-07 01:06:00.853603_54,Motley Crue,Girls Girls Girls,https://listen.hs.llnwd.net/g3/2/1/5/1/5/1370051512.mp3,Metal
2019-05-07 01:06:00.853603_55,Saliva,Click Click Boom,https://listen.hs.llnwd.net/g3/2/7/1/6/4/1281946172.mp3,Metal
2019-05-07 01:06:00.853603_56,Motley Crue,Shout At The Devil,https://listen.hs.llnwd.net/g3/1/2/2/2/5/1370052221.mp3,Metal
2019-05-07 01:06:00.853603_57,Slipknot,Wait and Bleed,https://listen.hs.llnwd.net/g2/6/0/9/9/2/901929906.mp3,Metal
2019-05-07 01:06:00.853603_58,311,Amber,https://listen.hs.llnwd.net/g3/5/3/3/5/7/1282775335.mp3,Metal
2019-05-07 01:06:00.853603_59,Alien Ant Farm,Smooth Criminal,https://listen.hs.llnwd.net/g3/7/4/9/2/8/1283682947.mp3,Metal
2019-05-07 01:06:00.853603_60,Linkin Park,Faint,https://listen.hs.llnwd.net/g3/9/0/9/6/7/1325776909.mp3,Metal
2019-05-07 01:06:00.853603_61,Metallica,Fade To Black (Remastered),https://listen.hs.llnwd.net/g3/0/6/1/8/5/1301358160.mp3,Metal
2019-05-07 01:06:00.853603_62,Papa Roach,Scars,https://listen.hs.llnwd.net/g3/3/8/6/4/6/1282564683.mp3,Metal
2019-05-07 01:06:00.853603_63,Shinedown,Call Me,https://listen.hs.llnwd.net/g3/7/0/5/9/9/1449099507.mp3,Metal
2019-05-07 01:06:00.853603_64,Korn,Falling Away From Me,https://listen.hs.llnwd.net/g3/2/5/9/7/2/1296327952.mp3,Metal
2019-05-07 01:06:00.853603_65,Skid Row,18 And Life,https://listen.hs.llnwd.net/g3/8/5/7/5/8/1380485758.mp3,Metal
2019-05-07 01:06:00.853603_66,Chevelle,The Red,https://listen.hs.llnwd.net/g3/3/5/2/4/6/1314064253.mp3,Metal
2019-05-07 01:06:00.853603_67,Slipknot,Psychosocial,https://listen.hs.llnwd.net/g3/2/7/6/9/1/1339019672.mp3,Metal
2019-05-07 01:06:00.853603_68,Crossfade,Cold,https://listen.hs.llnwd.net/g1/2/2/6/6/5/245556622.mp3,Metal
2019-05-07 01:06:00.853603_69,Linkin Park,Papercut,https://listen.hs.llnwd.net/g3/1/0/6/5/7/1400775601.mp3,Metal
2019-05-07 01:06:00.853603_70,Shinedown,State Of My Head,https://listen.hs.llnwd.net/g3/1/1/1/0/8/1400780111.mp3,Metal
2019-05-07 01:06:00.853603_71,Metallica,Master Of Puppets (Remastered),https://listen.hs.llnwd.net/g3/9/5/6/6/6/1372866659.mp3,Metal
2019-05-07 01:06:00.853603_72,Def Leppard,Photograph,https://listen.hs.llnwd.net/g3/0/7/1/7/3/1382037170.mp3,Metal
2019-05-07 01:06:00.853603_73,Avenged Sevenfold,Nightmare,https://listen.hs.llnwd.net/g3/5/0/2/2/0/1299502205.mp3,Metal
2019-05-07 01:06:00.853603_74,Metallica,Turn The Page,https://listen.hs.llnwd.net/g3/7/4/7/5/5/1301355747.mp3,Metal
2019-05-07 01:06:00.853603_75,Black Sabbath,Iron Man,https://listen.hs.llnwd.net/g3/4/1/3/5/4/1056645314.mp3,Metal
2019-05-07 01:06:00.853603_76,Marilyn Manson,Sweet Dreams (Are Made Of This),https://listen.hs.llnwd.net/g2/2/0/6/5/5/904555602.mp3,Metal
2019-05-07 01:06:00.853603_77,Volbeat,A Warrior's Call,https://listen.hs.llnwd.net/g3/3/0/7/2/2/1283422703.mp3,Metal
2019-05-07 01:06:00.853603_78,Breaking Benjamin,The Diary of Jane (Single Version),https://listen.hs.llnwd.net/g2/6/2/9/5/5/890755926.mp3,Metal
2019-05-07 01:06:00.853603_79,Marilyn Manson,The Beautiful People,https://listen.hs.llnwd.net/g1/5/2/7/3/1/1004013725.mp3,Metal
2019-05-07 01:06:00.853603_80,Motley Crue,Looks That Kill,https://listen.hs.llnwd.net/g3/7/6/3/8/4/1370048367.mp3,Metal
2019-05-07 01:06:00.853603_81,Limp Bizkit,Rollin' (Air Raid Vehicle),https://listen.hs.llnwd.net/g1/1/0/6/3/5/1041953601.mp3,Metal
2019-05-07 01:06:00.853603_82,Everlast,What It's Like [Explicit Version],https://listen.hs.llnwd.net/g3/1/6/0/1/7/1377471061.mp3,Metal
2019-05-07 01:06:00.853603_83,Metallica,Fuel,https://listen.hs.llnwd.net/g3/1/0/9/8/5/1301358901.mp3,Metal
2019-05-07 01:06:00.853603_84,Scorpions,Rock You Like A Hurricane,https://listen.hs.llnwd.net/g3/0/7/6/2/8/1282982670.mp3,Metal
2019-05-07 01:06:00.853603_85,Audioslave,I Am The Highway,https://listen.hs.llnwd.net/g3/1/6/9/5/3/1283435961.mp3,Metal
2019-05-07 01:06:00.853603_86,Skid Row,I Remember You,https://listen.hs.llnwd.net/g3/3/1/8/5/8/1380485813.mp3,Metal
2019-05-07 01:06:00.853603_87,Slipknot,Snuff,https://listen.hs.llnwd.net/g3/2/6/3/9/1/1339019362.mp3,Metal
2019-05-07 01:06:00.853603_88,Motley Crue,Live Wire,https://listen.hs.llnwd.net/g3/2/1/8/7/4/1370047812.mp3,Metal
2019-05-07 01:06:00.853603_89,Shinedown,Get Up,https://listen.hs.llnwd.net/g3/9/8/3/1/1/1407211389.mp3,Metal
2019-05-07 01:06:00.853603_90,Poison,Talk Dirty To Me,https://listen.hs.llnwd.net/g3/2/9/5/8/1/1281818592.mp3,Metal
2019-05-07 01:06:00.853603_91,Poison,Nothin' But A Good Time,https://listen.hs.llnwd.net/g3/6/8/0/2/7/1282572086.mp3,Metal
2019-05-07 01:06:00.853603_92,Godsmack,Whatever (Album Version (Explicit)),https://listen.hs.llnwd.net/g3/5/6/4/6/5/1284156465.mp3,Metal
2019-05-07 01:06:00.853603_93,Chevelle,Send The Pain Below,https://listen.hs.llnwd.net/g3/0/3/5/2/2/1313922530.mp3,Metal
2019-05-07 01:06:00.853603_94,Disturbed,Stricken,https://listen.hs.llnwd.net/g3/3/6/9/9/5/1400259963.mp3,Metal
2019-05-07 01:06:00.853603_95,Limp Bizkit,Behind Blue Eyes,https://listen.hs.llnwd.net/g3/4/1/2/3/2/1281823214.mp3,Metal
2019-05-07 01:06:00.853603_96,Slipknot,The Devil In I,https://listen.hs.llnwd.net/g3/3/1/7/0/1/1119410713.mp3,Metal
2019-05-07 01:06:00.853603_97,Ratt,Round And Round,https://listen.hs.llnwd.net/g3/4/7/3/2/4/1281942374.mp3,Metal
2019-05-07 01:06:00.853603_98,Def Leppard,Hysteria (Remastered 2017),https://listen.hs.llnwd.net/g3/1/8/2/0/4/1382240281.mp3,Metal
2019-05-07 01:06:00.853603_99,Volbeat,Still Counting,https://listen.hs.llnwd.net/g3/0/8/6/4/9/1282794680.mp3,Metal
2019-05-07 01:06:00.853603_100,Deftones,Change (In The House Of Flies),https://listen.hs.llnwd.net/g3/0/9/4/5/7/1282775490.mp3,Metal
