2019-04-17 00:25:34.066869_1,Pop,Oasis,Wonderwall,1878153,https://www.last.fm/music/Oasis/_/Wonderwall
2019-04-17 00:25:34.221735_2,Pop,The Killers,Somebody Told Me,1654089,https://www.last.fm/music/The+Killers/_/Somebody+Told+Me
2019-04-17 00:25:34.386287_3,Pop,Coldplay,Viva la Vida,1637523,https://www.last.fm/music/Coldplay/_/Viva+la+Vida
2019-04-17 00:25:34.553062_4,Pop,Coldplay,Clocks,1615836,https://www.last.fm/music/Coldplay/_/Clocks
2019-04-17 00:25:34.719621_5,Pop,Coldplay,The Scientist,1607673,https://www.last.fm/music/Coldplay/_/The+Scientist
2019-04-17 00:25:34.887638_6,Pop,MGMT,Kids,1587041,https://www.last.fm/music/MGMT/_/Kids
2019-04-17 00:25:35.073862_7,Pop,Coldplay,Yellow,1573056,https://www.last.fm/music/Coldplay/_/Yellow
2019-04-17 00:25:35.369060_8,Pop,Coldplay,Fix You,1493265,https://www.last.fm/music/Coldplay/_/Fix+You
2019-04-17 00:25:35.529134_9,Pop,Gorillaz,Feel Good Inc.,1493044,https://www.last.fm/music/Gorillaz/_/Feel+Good+Inc.
2019-04-17 00:25:35.691793_10,Pop,Lady Gaga,Poker Face,1443981,https://www.last.fm/music/Lady+Gaga/_/Poker+Face
2019-04-17 00:25:35.851366_11,Pop,Snow Patrol,Chasing Cars,1386242,https://www.last.fm/music/Snow+Patrol/_/Chasing+Cars
2019-04-17 00:25:36.146576_12,Pop,Ke$ha,TiK ToK,1329947,https://www.last.fm/music/Ke$ha/_/TiK+ToK
2019-04-17 00:25:36.337280_13,Pop,Goo Goo Dolls,Iris,1306919,https://www.last.fm/music/Goo+Goo+Dolls/_/Iris
2019-04-17 00:25:36.635048_14,Pop,Jason Mraz,I'm Yours,1285137,https://www.last.fm/music/Jason+Mraz/_/I%27m+Yours
2019-04-17 00:25:36.794405_15,Pop,Adele,Rolling in the Deep,1252856,https://www.last.fm/music/Adele/_/Rolling+in+the+Deep
2019-04-17 00:25:36.956996_16,Pop,Gorillaz,Clint Eastwood,1234014,https://www.last.fm/music/Gorillaz/_/Clint+Eastwood
2019-04-17 00:25:37.115167_17,Pop,Foster the People,Pumped Up Kicks,1230181,https://www.last.fm/music/Foster+the+People/_/Pumped+Up+Kicks
2019-04-17 00:25:37.410515_18,Pop,Michael Jackson,Billie Jean,1215483,https://www.last.fm/music/Michael+Jackson/_/Billie+Jean
2019-04-17 00:25:37.573121_19,Pop,R.E.M.,Losing My Religion,1198163,https://www.last.fm/music/R.E.M./_/Losing+My+Religion
2019-04-17 00:25:37.882633_20,Pop,Katy Perry,I Kissed a Girl,1195771,https://www.last.fm/music/Katy+Perry/_/I+Kissed+a+Girl
2019-04-17 00:25:38.043185_21,Pop,Amy Winehouse,Rehab,1181382,https://www.last.fm/music/Amy+Winehouse/_/Rehab
2019-04-17 00:25:38.274487_22,Pop,The Killers,Smile Like You Mean It,1175591,https://www.last.fm/music/The+Killers/_/Smile+Like+You+Mean+It
2019-04-17 00:25:38.432560_23,Pop,The Verve,Bitter Sweet Symphony,1166438,https://www.last.fm/music/The+Verve/_/Bitter+Sweet+Symphony
2019-04-17 00:25:38.597725_24,Pop,Amy Winehouse,Back to Black,1162709,https://www.last.fm/music/Amy+Winehouse/_/Back+to+Black
2019-04-17 00:25:38.756176_25,Pop,a-ha,Take on Me,1154125,https://www.last.fm/music/a-ha/_/Take+on+Me
2019-04-17 00:25:38.909052_26,Pop,M.I.A.,Paper Planes,1143835,https://www.last.fm/music/M.I.A./_/Paper+Planes
2019-04-17 00:25:39.075072_27,Pop,The Fray,How to Save a Life,1142705,https://www.last.fm/music/The+Fray/_/How+to+Save+a+Life
2019-04-17 00:25:39.239634_28,Pop,Coldplay,Don't Panic,1140927,https://www.last.fm/music/Coldplay/_/Don%27t+Panic
2019-04-17 00:25:39.404192_29,Pop,Lady Gaga,Bad Romance,1140580,https://www.last.fm/music/Lady+Gaga/_/Bad+Romance
2019-04-17 00:25:39.560016_30,Pop,Maroon 5,She Will Be Loved,1129700,https://www.last.fm/music/Maroon+5/_/She+Will+Be+Loved
2019-04-17 00:25:39.724063_31,Pop,Florence + the Machine,Dog Days Are Over,1129375,https://www.last.fm/music/Florence+%252B+the+Machine/_/Dog+Days+Are+Over
2019-04-17 00:25:39.941040_32,Pop,The Postal Service,Such Great Heights,1117928,https://www.last.fm/music/The+Postal+Service/_/Such+Great+Heights
2019-04-17 00:25:40.106434_33,Pop,Coldplay,In My Place,1116217,https://www.last.fm/music/Coldplay/_/In+My+Place
2019-04-17 00:25:40.272150_34,Pop,Coldplay,Trouble,1114302,https://www.last.fm/music/Coldplay/_/Trouble
2019-04-17 00:25:40.433269_35,Pop,Gnarls Barkley,Crazy,1109377,https://www.last.fm/music/Gnarls+Barkley/_/Crazy
2019-04-17 00:25:40.595285_36,Pop,Coldplay,Speed of Sound,1083298,https://www.last.fm/music/Coldplay/_/Speed+of+Sound
2019-04-17 00:25:40.753013_37,Pop,Kanye West,Heartless,1079992,https://www.last.fm/music/Kanye+West/_/Heartless
2019-04-17 00:25:40.906684_38,Pop,Lady Gaga,Paparazzi,1068997,https://www.last.fm/music/Lady+Gaga/_/Paparazzi
2019-04-17 00:25:41.226883_39,Pop,Keane,Somewhere Only We Know,1067224,https://www.last.fm/music/Keane/_/Somewhere+Only+We+Know
2019-04-17 00:25:41.450411_40,Pop,Maroon 5,This Love,1064940,https://www.last.fm/music/Maroon+5/_/This+Love
2019-04-17 00:25:41.662981_41,Pop,Michael Jackson,Thriller,1050566,https://www.last.fm/music/Michael+Jackson/_/Thriller
2019-04-17 00:25:41.963655_42,Pop,Gorillaz,DARE,1049957,https://www.last.fm/music/Gorillaz/_/DARE
2019-04-17 00:25:42.190867_43,Pop,The Cure,Friday I'm in Love,1044896,https://www.last.fm/music/The+Cure/_/Friday+I%27m+in+Love
2019-04-17 00:25:42.374554_44,Pop,Amy Winehouse,You Know I'm No Good,1041174,https://www.last.fm/music/Amy+Winehouse/_/You+Know+I%27m+No+Good
2019-04-17 00:25:42.544605_45,Pop,Gotye,Somebody That I Used To Know,1039878,https://www.last.fm/music/Gotye/_/Somebody+That+I+Used+To+Know
2019-04-17 00:25:42.846180_46,Pop,Lady Gaga,Just Dance,1032046,https://www.last.fm/music/Lady+Gaga/_/Just+Dance
2019-04-17 00:25:43.083910_47,Pop,U2,With or Without You,802372,https://www.last.fm/music/U2/_/With+or+Without+You
2019-04-17 00:25:43.243354_48,Pop,Coldplay,Violet Hill,1005222,https://www.last.fm/music/Coldplay/_/Violet+Hill
2019-04-17 00:25:43.437349_49,Pop,Simon & Garfunkel,The Sound of Silence,999438,https://www.last.fm/music/Simon+&+Garfunkel/_/The+Sound+of+Silence
2019-04-17 00:25:43.731766_50,Pop,Weezer,Island in the Sun,998754,https://www.last.fm/music/Weezer/_/Island+in+the+Sun
2019-04-17 00:25:44.653835_1,Classical,Ludwig van Beethoven,Für Elise,482830,https://www.last.fm/music/Ludwig+van+Beethoven/_/F%C3%BCr+Elise
2019-04-17 00:25:44.808171_2,Classical,Claude Debussy,Clair de lune,467836,https://www.last.fm/music/Claude+Debussy/_/Clair+de+lune
2019-04-17 00:25:44.971010_3,Classical,Ludwig van Beethoven,Moonlight Sonata,349627,https://www.last.fm/music/Ludwig+van+Beethoven/_/Moonlight+Sonata
2019-04-17 00:25:45.273112_4,Classical,Yann Tiersen,Sur le fil,323674,https://www.last.fm/music/Yann+Tiersen/_/Sur+le+fil
2019-04-17 00:25:45.441012_5,Classical,Gorillaz,Orchestral Intro,320068,https://www.last.fm/music/Gorillaz/_/Orchestral+Intro
2019-04-17 00:25:45.671629_6,Classical,Yann Tiersen,Le Moulin,309888,https://www.last.fm/music/Yann+Tiersen/_/Le+Moulin
2019-04-17 00:25:45.976811_7,Classical,Yann Tiersen,La Dispute,308481,https://www.last.fm/music/Yann+Tiersen/_/La+Dispute
2019-04-17 00:25:46.154646_8,Classical,Yann Tiersen,A quai,284873,https://www.last.fm/music/Yann+Tiersen/_/A+quai
2019-04-17 00:25:46.398194_9,Classical,Zara Larsson,Lush Life,283656,https://www.last.fm/music/Zara+Larsson/_/Lush+Life
2019-04-17 00:25:46.763462_10,Classical,Ludwig van Beethoven,Symphony No. 9 (Scherzo),280629,https://www.last.fm/music/Ludwig+van+Beethoven/_/Symphony+No.+9+(Scherzo)
2019-04-17 00:25:46.984598_11,Classical,Yann Tiersen,La Noyée,274902,https://www.last.fm/music/Yann+Tiersen/_/La+Noy%C3%A9e
2019-04-17 00:25:47.147164_12,Classical,Agnes Obel,Riverside,261245,https://www.last.fm/music/Agnes+Obel/_/Riverside
2019-04-17 00:25:47.308445_13,Classical,Ludovico Einaudi,Nuvole Bianche,258967,https://www.last.fm/music/Ludovico+Einaudi/_/Nuvole+Bianche
2019-04-17 00:25:47.480360_14,Classical,Howard Shore,Concerning Hobbits,252502,https://www.last.fm/music/Howard+Shore/_/Concerning+Hobbits
2019-04-17 00:25:47.641228_15,Classical,Ludovico Einaudi,Divenire,245159,https://www.last.fm/music/Ludovico+Einaudi/_/Divenire
2019-04-17 00:25:47.808308_16,Classical,Yiruma,River Flows in You,244408,https://www.last.fm/music/Yiruma/_/River+Flows+in+You
2019-04-17 00:25:47.973164_17,Classical,Daft Punk,Adagio for Tron,243365,https://www.last.fm/music/Daft+Punk/_/Adagio+for+Tron
2019-04-17 00:25:48.136175_18,Classical,Johannes Brahms,Hungarian Dance No. 5,239346,https://www.last.fm/music/Johannes+Brahms/_/Hungarian+Dance+No.+5
2019-04-17 00:25:48.443712_19,Classical,Ludovico Einaudi,Fly,1050137,https://www.last.fm/music/Ludovico+Einaudi/_/Fly
2019-04-17 00:25:48.616241_20,Classical,Johann Sebastian Bach,Air,961723,https://www.last.fm/music/Johann+Sebastian+Bach/_/Air
2019-04-17 00:25:48.940518_21,Classical,Franz Schubert,Ave Maria,190190,https://www.last.fm/music/Franz+Schubert/_/Ave+Maria
2019-04-17 00:25:49.094561_22,Classical,Samuel Barber,Adagio For Strings,304846,https://www.last.fm/music/Samuel+Barber/_/Adagio+For+Strings
2019-04-17 00:25:49.255577_23,Classical,Ludovico Einaudi,Primavera,227124,https://www.last.fm/music/Ludovico+Einaudi/_/Primavera
2019-04-17 00:25:49.477890_24,Classical,Maurice Ravel,Bolero,213208,https://www.last.fm/music/Maurice+Ravel/_/Bolero
2019-04-17 00:25:49.641739_25,Classical,Muse,Prelude,249306,https://www.last.fm/music/Muse/_/Prelude
2019-04-17 00:25:49.942491_26,Classical,Richard Wagner,Ride of the Valkyries,204356,https://www.last.fm/music/Richard+Wagner/_/Ride+of+the+Valkyries
2019-04-17 00:25:50.240010_27,Classical,Clint Mansell,Together We Will Live Forever,203768,https://www.last.fm/music/Clint+Mansell/_/Together+We+Will+Live+Forever
2019-04-17 00:25:50.534785_28,Classical,Wolfgang Amadeus Mozart,Requiem,179243,https://www.last.fm/music/Wolfgang+Amadeus+Mozart/_/Requiem
2019-04-17 00:25:50.692190_29,Classical,Coldplay,Postcards from Far Away,201111,https://www.last.fm/music/Coldplay/_/Postcards+from+Far+Away
2019-04-17 00:25:50.872589_30,Classical,Wolfgang Amadeus Mozart,Eine kleine Nachtmusik,199066,https://www.last.fm/music/Wolfgang+Amadeus+Mozart/_/Eine+kleine+Nachtmusik
2019-04-17 00:25:51.032160_31,Classical,Max Richter,On the Nature of Daylight,195051,https://www.last.fm/music/Max+Richter/_/On+the+Nature+of+Daylight
2019-04-17 00:25:51.193728_32,Classical,Ludovico Einaudi,Le Onde,194835,https://www.last.fm/music/Ludovico+Einaudi/_/Le+Onde
2019-04-17 00:25:51.350459_33,Classical,Johann Sebastian Bach,Air on a G String,186796,https://www.last.fm/music/Johann+Sebastian+Bach/_/Air+on+a+G+String
2019-04-17 00:25:51.574261_34,Classical,Max Richter,Vladimir's Blues,186210,https://www.last.fm/music/Max+Richter/_/Vladimir%27s+Blues
2019-04-17 00:25:51.725175_35,Classical,Dua Lipa,Be The One,185703,https://www.last.fm/music/Dua+Lipa/_/Be+The+One
2019-04-17 00:25:51.908748_36,Classical,George Gershwin,Rhapsody in Blue,183356,https://www.last.fm/music/George+Gershwin/_/Rhapsody+in+Blue
2019-04-17 00:25:52.082616_37,Classical,Max Richter,Written on the Sky,181705,https://www.last.fm/music/Max+Richter/_/Written+on+the+Sky
2019-04-17 00:25:52.242725_38,Classical,Edvard Grieg,In the Hall of the Mountain King,177477,https://www.last.fm/music/Edvard+Grieg/_/In+the+Hall+of+the+Mountain+King
2019-04-17 00:25:52.423686_39,Classical,Philip Glass,Opening,174197,https://www.last.fm/music/Philip+Glass/_/Opening
2019-04-17 00:25:52.708984_40,Classical,Jon Hopkins,Small Memory,173198,https://www.last.fm/music/Jon+Hopkins/_/Small+Memory
2019-04-17 00:25:52.938471_41,Classical,Dua Lipa,Blow Your Mind (Mwah),169435,https://www.last.fm/music/Dua+Lipa/_/Blow+Your+Mind+(Mwah)
2019-04-17 00:25:53.093599_42,Classical,Hans Zimmer,Now We Are Free,168587,https://www.last.fm/music/Hans+Zimmer/_/Now+We+Are+Free
2019-04-17 00:25:53.265077_43,Classical,Ludovico Einaudi,Una Mattina,167441,https://www.last.fm/music/Ludovico+Einaudi/_/Una+Mattina
2019-04-17 00:25:53.432467_44,Classical,Adiemus,Adiemus,166578,https://www.last.fm/music/Adiemus/_/Adiemus
2019-04-17 00:25:53.610991_45,Classical,Ludovico Einaudi,I giorni,165933,https://www.last.fm/music/Ludovico+Einaudi/_/I+giorni
2019-04-17 00:25:53.783039_46,Classical,Arvo Pärt,Spiegel im Spiegel,165363,https://www.last.fm/music/Arvo+P%C3%A4rt/_/Spiegel+im+Spiegel
2019-04-17 00:25:53.950134_47,Classical,Johann Pachelbel,Canon in D Major,164264,https://www.last.fm/music/Johann+Pachelbel/_/Canon+in+D+Major
2019-04-17 00:25:54.116698_48,Classical,Vampire Weekend,Young Lion,163445,https://www.last.fm/music/Vampire+Weekend/_/Young+Lion
2019-04-17 00:25:54.272385_49,Classical,Apocalyptica,Enter Sandman,1114497,https://www.last.fm/music/Apocalyptica/_/Enter+Sandman
2019-04-17 00:25:54.430422_50,Classical,Eluvium,Prelude for Time Feelers,162055,https://www.last.fm/music/Eluvium/_/Prelude+for+Time+Feelers
2019-04-17 00:25:54.836383_1,Rock,Nirvana,Smells Like Teen Spirit,2066060,https://www.last.fm/music/Nirvana/_/Smells+Like+Teen+Spirit
2019-04-17 00:25:54.991225_2,Rock,The Killers,Mr. Brightside,1981103,https://www.last.fm/music/The+Killers/_/Mr.+Brightside
2019-04-17 00:25:55.145581_3,Rock,Oasis,Wonderwall,1878153,https://www.last.fm/music/Oasis/_/Wonderwall
2019-04-17 00:25:55.367875_4,Rock,Nirvana,Come as You Are,1821802,https://www.last.fm/music/Nirvana/_/Come+as+You+Are
2019-04-17 00:25:55.527704_5,Rock,Franz Ferdinand,Take Me Out,1673872,https://www.last.fm/music/Franz+Ferdinand/_/Take+Me+Out
2019-04-17 00:25:55.685509_6,Rock,The Killers,Somebody Told Me,1654089,https://www.last.fm/music/The+Killers/_/Somebody+Told+Me
2019-04-17 00:25:55.850068_7,Rock,Radiohead,Creep,1637968,https://www.last.fm/music/Radiohead/_/Creep
2019-04-17 00:25:56.010100_8,Rock,Coldplay,Viva la Vida,1637523,https://www.last.fm/music/Coldplay/_/Viva+la+Vida
2019-04-17 00:25:56.234993_9,Rock,Radiohead,Karma Police,1629065,https://www.last.fm/music/Radiohead/_/Karma+Police
2019-04-17 00:25:56.449520_10,Rock,Coldplay,Clocks,1615836,https://www.last.fm/music/Coldplay/_/Clocks
2019-04-17 00:25:56.601112_11,Rock,Red Hot Chili Peppers,Californication,1609029,https://www.last.fm/music/Red+Hot+Chili+Peppers/_/Californication
2019-04-17 00:25:56.831496_12,Rock,Coldplay,The Scientist,1607673,https://www.last.fm/music/Coldplay/_/The+Scientist
2019-04-17 00:25:56.995060_13,Rock,Coldplay,Yellow,1573056,https://www.last.fm/music/Coldplay/_/Yellow
2019-04-17 00:25:57.164467_14,Rock,Red Hot Chili Peppers,Under the Bridge,1536919,https://www.last.fm/music/Red+Hot+Chili+Peppers/_/Under+the+Bridge
2019-04-17 00:25:57.320578_15,Rock,The White Stripes,Seven Nation Army,1511001,https://www.last.fm/music/The+White+Stripes/_/Seven+Nation+Army
2019-04-17 00:25:57.490684_16,Rock,System of a Down,Chop Suey!,1503958,https://www.last.fm/music/System+of+a+Down/_/Chop+Suey%21
2019-04-17 00:25:57.649259_17,Rock,Coldplay,Fix You,1493265,https://www.last.fm/music/Coldplay/_/Fix+You
2019-04-17 00:25:57.806008_18,Rock,Gorillaz,Feel Good Inc.,1493044,https://www.last.fm/music/Gorillaz/_/Feel+Good+Inc.
2019-04-17 00:25:57.973889_19,Rock,Kings of Leon,Sex on Fire,1484123,https://www.last.fm/music/Kings+of+Leon/_/Sex+on+Fire
2019-04-17 00:25:58.136454_20,Rock,Blur,Song 2,1452229,https://www.last.fm/music/Blur/_/Song+2
2019-04-17 00:25:58.360399_21,Rock,Nirvana,Lithium,1449236,https://www.last.fm/music/Nirvana/_/Lithium
2019-04-17 00:25:58.526390_22,Rock,Linkin Park,In the End,1410919,https://www.last.fm/music/Linkin+Park/_/In+the+End
2019-04-17 00:25:58.683187_23,Rock,Snow Patrol,Chasing Cars,1386242,https://www.last.fm/music/Snow+Patrol/_/Chasing+Cars
2019-04-17 00:25:58.834112_24,Rock,Guns N' Roses,Sweet Child o' Mine,10567,https://www.last.fm/music/Guns+N%27+Roses/_/Sweet+Child+o%27+Mine
2019-04-17 00:25:58.988803_25,Rock,Red Hot Chili Peppers,Scar Tissue,1377557,https://www.last.fm/music/Red+Hot+Chili+Peppers/_/Scar+Tissue
2019-04-17 00:25:59.159882_26,Rock,Queen,Bohemian Rhapsody,1371704,https://www.last.fm/music/Queen/_/Bohemian+Rhapsody
2019-04-17 00:25:59.331385_27,Rock,Red Hot Chili Peppers,Otherside,1367657,https://www.last.fm/music/Red+Hot+Chili+Peppers/_/Otherside
2019-04-17 00:25:59.497060_28,Rock,The Killers,When You Were Young,1366959,https://www.last.fm/music/The+Killers/_/When+You+Were+Young
2019-04-17 00:25:59.654387_29,Rock,Muse,Supermassive Black Hole,1363149,https://www.last.fm/music/Muse/_/Supermassive+Black+Hole
2019-04-17 00:25:59.902600_30,Rock,Kings of Leon,Use Somebody,1359439,https://www.last.fm/music/Kings+of+Leon/_/Use+Somebody
2019-04-17 00:26:00.076968_31,Rock,Muse,Starlight,1353016,https://www.last.fm/music/Muse/_/Starlight
2019-04-17 00:26:00.382937_32,Rock,Radiohead,Paranoid Android,1341255,https://www.last.fm/music/Radiohead/_/Paranoid+Android
2019-04-17 00:26:00.615467_33,Rock,Foo Fighters,Everlong,1323467,https://www.last.fm/music/Foo+Fighters/_/Everlong
2019-04-17 00:26:00.842159_34,Rock,Goo Goo Dolls,Iris,1306919,https://www.last.fm/music/Goo+Goo+Dolls/_/Iris
2019-04-17 00:26:01.139760_35,Rock,Radiohead,No Surprises,1305533,https://www.last.fm/music/Radiohead/_/No+Surprises
2019-04-17 00:26:01.296335_36,Rock,Led Zeppelin,Stairway to Heaven,1296161,https://www.last.fm/music/Led+Zeppelin/_/Stairway+to+Heaven
2019-04-17 00:26:01.551736_37,Rock,Linkin Park,Numb,1274345,https://www.last.fm/music/Linkin+Park/_/Numb
2019-04-17 00:26:01.715298_38,Rock,Red Hot Chili Peppers,Dani California,1267212,https://www.last.fm/music/Red+Hot+Chili+Peppers/_/Dani+California
2019-04-17 00:26:01.951593_39,Rock,The Cranberries,Zombie,1260949,https://www.last.fm/music/The+Cranberries/_/Zombie
2019-04-17 00:26:02.108988_40,Rock,Arctic Monkeys,I Bet You Look Good on the Dancefloor,1251461,https://www.last.fm/music/Arctic+Monkeys/_/I+Bet+You+Look+Good+on+the+Dancefloor
2019-04-17 00:26:02.268561_41,Rock,Guns N' Roses,Welcome to the Jungle,1249992,https://www.last.fm/music/Guns+N%27+Roses/_/Welcome+to+the+Jungle
2019-04-17 00:26:02.425423_42,Rock,Gorillaz,Clint Eastwood,1234014,https://www.last.fm/music/Gorillaz/_/Clint+Eastwood
2019-04-17 00:26:02.578693_43,Rock,The Rolling Stones,Paint It Black,1233629,https://www.last.fm/music/The+Rolling+Stones/_/Paint+It+Black
2019-04-17 00:26:02.741978_44,Rock,The Killers,All These Things That I've Done,1229360,https://www.last.fm/music/The+Killers/_/All+These+Things+That+I%27ve+Done
2019-04-17 00:26:02.917508_45,Rock,Muse,Time Is Running Out,1228516,https://www.last.fm/music/Muse/_/Time+Is+Running+Out
2019-04-17 00:26:03.145581_46,Rock,Rage Against the Machine,Killing in the Name,1227767,https://www.last.fm/music/Rage+Against+the+Machine/_/Killing+in+the+Name
2019-04-17 00:26:03.302527_47,Rock,Foo Fighters,The Pretender,1222789,https://www.last.fm/music/Foo+Fighters/_/The+Pretender
2019-04-17 00:26:03.467963_48,Rock,The Strokes,Reptilia,1220795,https://www.last.fm/music/The+Strokes/_/Reptilia
2019-04-17 00:26:03.632686_49,Rock,blink-182,All the Small Things,1202634,https://www.last.fm/music/blink-182/_/All+the+Small+Things
2019-04-17 00:26:03.936958_50,Rock,R.E.M.,Losing My Religion,1198163,https://www.last.fm/music/R.E.M./_/Losing+My+Religion
2019-04-17 00:26:04.474579_1,Jazz,Amy Winehouse,Rehab,1181382,https://www.last.fm/music/Amy+Winehouse/_/Rehab
2019-04-17 00:26:04.633393_2,Jazz,Amy Winehouse,Back to Black,1162709,https://www.last.fm/music/Amy+Winehouse/_/Back+to+Black
2019-04-17 00:26:04.931867_3,Jazz,Amy Winehouse,You Know I'm No Good,1041174,https://www.last.fm/music/Amy+Winehouse/_/You+Know+I%27m+No+Good
2019-04-17 00:26:05.158690_4,Jazz,Amy Winehouse,Tears Dry on Their Own,855965,https://www.last.fm/music/Amy+Winehouse/_/Tears+Dry+on+Their+Own
2019-04-17 00:26:05.316276_5,Jazz,Louis Armstrong,What A Wonderful World,769021,https://www.last.fm/music/Louis+Armstrong/_/What+A+Wonderful+World
2019-04-17 00:26:05.479566_6,Jazz,Amy Winehouse,Love Is a Losing Game,768447,https://www.last.fm/music/Amy+Winehouse/_/Love+Is+a+Losing+Game
2019-04-17 00:26:05.787628_7,Jazz,Duffy,Mercy,756712,https://www.last.fm/music/Duffy/_/Mercy
2019-04-17 00:26:05.939272_8,Jazz,Norah Jones,Don't Know Why,746076,https://www.last.fm/music/Norah+Jones/_/Don%27t+Know+Why
2019-04-17 00:26:06.121978_9,Jazz,Aretha Franklin,Respect,734443,https://www.last.fm/music/Aretha+Franklin/_/Respect
2019-04-17 00:26:06.366213_10,Jazz,Radiohead,The National Anthem,733155,https://www.last.fm/music/Radiohead/_/The+National+Anthem
2019-04-17 00:26:06.534224_11,Jazz,Norah Jones,Come Away with Me,699062,https://www.last.fm/music/Norah+Jones/_/Come+Away+with+Me
2019-04-17 00:26:06.697487_12,Jazz,Amy Winehouse,Just Friends,649969,https://www.last.fm/music/Amy+Winehouse/_/Just+Friends
2019-04-17 00:26:06.996702_13,Jazz,Ray Charles,Hit the Road Jack,644023,https://www.last.fm/music/Ray+Charles/_/Hit+the+Road+Jack
2019-04-17 00:26:07.152780_14,Jazz,Amy Winehouse,Wake Up Alone,642295,https://www.last.fm/music/Amy+Winehouse/_/Wake+Up+Alone
2019-04-17 00:26:07.454239_15,Jazz,Corinne Bailey Rae,Put Your Records On,626921,https://www.last.fm/music/Corinne+Bailey+Rae/_/Put+Your+Records+On
2019-04-17 00:26:07.745375_16,Jazz,Amy Winehouse,He Can Only Hold Her,624751,https://www.last.fm/music/Amy+Winehouse/_/He+Can+Only+Hold+Her
2019-04-17 00:26:07.917912_17,Jazz,Nina Simone,Feeling Good,794026,https://www.last.fm/music/Nina+Simone/_/Feeling+Good
2019-04-17 00:26:08.086314_18,Jazz,Amy Winehouse,Some Unholy War,603783,https://www.last.fm/music/Amy+Winehouse/_/Some+Unholy+War
2019-04-17 00:26:08.258853_19,Jazz,Miles Davis,So What,692645,https://www.last.fm/music/Miles+Davis/_/So+What
2019-04-17 00:26:08.432603_20,Jazz,Norah Jones,Sunrise,557564,https://www.last.fm/music/Norah+Jones/_/Sunrise
2019-04-17 00:26:08.678943_21,Jazz,Miles Davis,Blue in Green,529340,https://www.last.fm/music/Miles+Davis/_/Blue+in+Green
2019-04-17 00:26:08.906336_22,Jazz,Norah Jones,Turn Me On,518083,https://www.last.fm/music/Norah+Jones/_/Turn+Me+On
2019-04-17 00:26:09.064912_23,Jazz,Frank Sinatra,My Way,547449,https://www.last.fm/music/Frank+Sinatra/_/My+Way
2019-04-17 00:26:09.216506_24,Jazz,Sting,Englishman in New York,489206,https://www.last.fm/music/Sting/_/Englishman+in+New+York
2019-04-17 00:26:09.378074_25,Jazz,Christina Aguilera,Ain't No Other Man,482461,https://www.last.fm/music/Christina+Aguilera/_/Ain%27t+No+Other+Man
2019-04-17 00:26:09.537678_26,Jazz,Amy Winehouse,Addicted,289784,https://www.last.fm/music/Amy+Winehouse/_/Addicted
2019-04-17 00:26:09.696225_27,Jazz,Adele,Cold Shoulder,473310,https://www.last.fm/music/Adele/_/Cold+Shoulder
2019-04-17 00:26:09.849341_28,Jazz,Christina Aguilera,Candyman,466361,https://www.last.fm/music/Christina+Aguilera/_/Candyman
2019-04-17 00:26:10.021880_29,Jazz,Adele,He Won't Go,466065,https://www.last.fm/music/Adele/_/He+Won%27t+Go
2019-04-17 00:26:10.309110_30,Jazz,The Cinematic Orchestra,To Build a Home,457973,https://www.last.fm/music/The+Cinematic+Orchestra/_/To+Build+a+Home
2019-04-17 00:26:10.544481_31,Jazz,Etta James,At Last,451205,https://www.last.fm/music/Etta+James/_/At+Last
2019-04-17 00:26:10.693084_32,Jazz,Daft Punk,Giorgio by Moroder,449573,https://www.last.fm/music/Daft+Punk/_/Giorgio+by+Moroder
2019-04-17 00:26:10.850388_33,Jazz,Van Morrison,Moondance,443594,https://www.last.fm/music/Van+Morrison/_/Moondance
2019-04-17 00:26:11.007836_34,Jazz,Björk,It's Oh So Quiet,443334,https://www.last.fm/music/Bj%C3%B6rk/_/It%27s+Oh+So+Quiet
2019-04-17 00:26:11.176386_35,Jazz,Ray Charles,Georgia On My Mind,428316,https://www.last.fm/music/Ray+Charles/_/Georgia+On+My+Mind
2019-04-17 00:26:11.476153_36,Jazz,Nina Simone,My Baby Just Cares for Me,424670,https://www.last.fm/music/Nina+Simone/_/My+Baby+Just+Cares+for+Me
2019-04-17 00:26:11.653653_37,Jazz,Adele,Best for Last,423799,https://www.last.fm/music/Adele/_/Best+for+Last
2019-04-17 00:26:11.826042_38,Jazz,Frank Sinatra,Fly Me to the Moon,420957,https://www.last.fm/music/Frank+Sinatra/_/Fly+Me+to+the+Moon
2019-04-17 00:26:11.987879_39,Jazz,Amy Winehouse,Me & Mr Jones,416320,https://www.last.fm/music/Amy+Winehouse/_/Me+&+Mr+Jones
2019-04-17 00:26:12.286735_40,Jazz,Miles Davis,Freddie Freeloader,411620,https://www.last.fm/music/Miles+Davis/_/Freddie+Freeloader
2019-04-17 00:26:12.446091_41,Jazz,Michael Bublé,Feeling Good,794026,https://www.last.fm/music/Michael+Bubl%C3%A9/_/Feeling+Good
2019-04-17 00:26:12.606764_42,Jazz,Norah Jones,Seven Years,257394,https://www.last.fm/music/Norah+Jones/_/Seven+Years
2019-04-17 00:26:12.906592_43,Jazz,Michael Bublé,Home,826874,https://www.last.fm/music/Michael+Bubl%C3%A9/_/Home
2019-04-17 00:26:13.210802_44,Jazz,Corinne Bailey Rae,Like a Star,401098,https://www.last.fm/music/Corinne+Bailey+Rae/_/Like+a+Star
2019-04-17 00:26:13.378489_45,Jazz,Nina Simone,I Put a Spell on You,400596,https://www.last.fm/music/Nina+Simone/_/I+Put+a+Spell+on+You
2019-04-17 00:26:13.544101_46,Jazz,Aretha Franklin,Think,584635,https://www.last.fm/music/Aretha+Franklin/_/Think
2019-04-17 00:26:13.830323_47,Jazz,Miles Davis,All Blues,392870,https://www.last.fm/music/Miles+Davis/_/All+Blues
2019-04-17 00:26:14.003943_48,Jazz,Buena Vista Social Club,Chan Chan,392669,https://www.last.fm/music/Buena+Vista+Social+Club/_/Chan+Chan
2019-04-17 00:26:14.299768_49,Jazz,Frank Sinatra,I've Got You Under My Skin,391876,https://www.last.fm/music/Frank+Sinatra/_/I%27ve+Got+You+Under+My+Skin
2019-04-17 00:26:14.528671_50,Jazz,Frank Sinatra,Strangers in the Night,388180,https://www.last.fm/music/Frank+Sinatra/_/Strangers+in+the+Night
2019-04-17 00:26:15.232127_1,Rap,Kanye West,Stronger,1362543,https://www.last.fm/music/Kanye+West/_/Stronger
2019-04-17 00:26:15.533004_2,Rap,Gorillaz,Clint Eastwood,1234014,https://www.last.fm/music/Gorillaz/_/Clint+Eastwood
2019-04-17 00:26:15.691885_3,Rap,Lil' Wayne,Lollipop,1191882,https://www.last.fm/music/Lil%27+Wayne/_/Lollipop
2019-04-17 00:26:15.853451_4,Rap,Drake,Best I Ever Had,1083082,https://www.last.fm/music/Drake/_/Best+I+Ever+Had
2019-04-17 00:26:16.023429_5,Rap,Kanye West,Heartless,1079992,https://www.last.fm/music/Kanye+West/_/Heartless
2019-04-17 00:26:16.192509_6,Rap,50 Cent,In Da Club,971591,https://www.last.fm/music/50+Cent/_/In+Da+Club
2019-04-17 00:26:16.369233_7,Rap,Eminem,Lose Yourself,870816,https://www.last.fm/music/Eminem/_/Lose+Yourself
2019-04-17 00:26:16.656073_8,Rap,OutKast,Ms. Jackson,864914,https://www.last.fm/music/OutKast/_/Ms.+Jackson
2019-04-17 00:26:16.813949_9,Rap,T.I.,Whatever You Like,839757,https://www.last.fm/music/T.I./_/Whatever+You+Like
2019-04-17 00:26:17.116594_10,Rap,Dr. Dre,Still D.R.E.,825297,https://www.last.fm/music/Dr.+Dre/_/Still+D.R.E.
2019-04-17 00:26:17.348368_11,Rap,Jay-Z,99 Problems,819085,https://www.last.fm/music/Jay-Z/_/99+Problems
2019-04-17 00:26:17.518196_12,Rap,OutKast,Hey Ya!,813976,https://www.last.fm/music/OutKast/_/Hey+Ya%21
2019-04-17 00:26:17.673344_13,Rap,Ice Cube,It Was A Good Day,783153,https://www.last.fm/music/Ice+Cube/_/It+Was+A+Good+Day
2019-04-17 00:26:17.861046_14,Rap,The Notorious B.I.G.,Juicy,775669,https://www.last.fm/music/The+Notorious+B.I.G./_/Juicy
2019-04-17 00:26:18.171011_15,Rap,Eminem,Without Me,775137,https://www.last.fm/music/Eminem/_/Without+Me
2019-04-17 00:26:18.334587_16,Rap,Dr. Dre,The Next Episode,764494,https://www.last.fm/music/Dr.+Dre/_/The+Next+Episode
2019-04-17 00:26:18.563517_17,Rap,Eminem,The Real Slim Shady,753247,https://www.last.fm/music/Eminem/_/The+Real+Slim+Shady
2019-04-17 00:26:18.723871_18,Rap,Kanye West,Love Lockdown,746851,https://www.last.fm/music/Kanye+West/_/Love+Lockdown
2019-04-17 00:26:18.876599_19,Rap,Kanye West,Can't Tell Me Nothing,744947,https://www.last.fm/music/Kanye+West/_/Can%27t+Tell+Me+Nothing
2019-04-17 00:26:19.034891_20,Rap,Black Eyed Peas,Boom Boom Pow,735289,https://www.last.fm/music/Black+Eyed+Peas/_/Boom+Boom+Pow
2019-04-17 00:26:19.323303_21,Rap,Kanye West,All of the Lights,721339,https://www.last.fm/music/Kanye+West/_/All+of+the+Lights
2019-04-17 00:26:19.549284_22,Rap,Beastie Boys,Sabotage,714766,https://www.last.fm/music/Beastie+Boys/_/Sabotage
2019-04-17 00:26:19.709556_23,Rap,The Game,Hate it or love it,486547,https://www.last.fm/music/The+Game/_/Hate+it+or+love+it
2019-04-17 00:26:19.880255_24,Rap,Lil' Wayne,Drop The World,700770,https://www.last.fm/music/Lil%27+Wayne/_/Drop+The+World
2019-04-17 00:26:20.188070_25,Rap,Coolio,Gangsta's Paradise,689359,https://www.last.fm/music/Coolio/_/Gangsta%27s+Paradise
2019-04-17 00:26:20.351852_26,Rap,Eminem,Not Afraid,56191,https://www.last.fm/music/Eminem/_/Not+Afraid
2019-04-17 00:26:20.509224_27,Rap,Drake,Forever,690350,https://www.last.fm/music/Drake/_/Forever
2019-04-17 00:26:20.803305_28,Rap,Kid Cudi,Soundtrack 2 My Life,664307,https://www.last.fm/music/Kid+Cudi/_/Soundtrack+2+My+Life
2019-04-17 00:26:21.092817_29,Rap,Wiz Khalifa,Say Yeah,661286,https://www.last.fm/music/Wiz+Khalifa/_/Say+Yeah
2019-04-17 00:26:21.400008_30,Rap,Black Eyed Peas,Pump It,650024,https://www.last.fm/music/Black+Eyed+Peas/_/Pump+It
2019-04-17 00:26:21.566206_31,Rap,Eminem,Mockingbird,647363,https://www.last.fm/music/Eminem/_/Mockingbird
2019-04-17 00:26:21.749799_32,Rap,Kanye West,Power,646620,https://www.last.fm/music/Kanye+West/_/Power
2019-04-17 00:26:21.926214_33,Rap,Eminem,Sing for the Moment,634685,https://www.last.fm/music/Eminem/_/Sing+for+the+Moment
2019-04-17 00:26:22.092193_34,Rap,The Notorious B.I.G.,Hypnotize,742189,https://www.last.fm/music/The+Notorious+B.I.G./_/Hypnotize
2019-04-17 00:26:22.416391_35,Rap,50 Cent,Candy Shop,633148,https://www.last.fm/music/50+Cent/_/Candy+Shop
2019-04-17 00:26:22.721944_36,Rap,Black Eyed Peas,Where Is the Love,628297,https://www.last.fm/music/Black+Eyed+Peas/_/Where+Is+the+Love
2019-04-17 00:26:22.879922_37,Rap,Macklemore & Ryan Lewis,Can't Hold Us (feat. Ray Dalton),615341,https://www.last.fm/music/Macklemore+&+Ryan+Lewis/_/Can%27t+Hold+Us+(feat.+Ray+Dalton)
2019-04-17 00:26:23.176762_38,Rap,Eminem,My Name Is,650041,https://www.last.fm/music/Eminem/_/My+Name+Is
2019-04-17 00:26:23.331157_39,Rap,Kanye West,Gold Digger,612800,https://www.last.fm/music/Kanye+West/_/Gold+Digger
2019-04-17 00:26:23.653765_40,Rap,Eminem,Stan,594028,https://www.last.fm/music/Eminem/_/Stan
2019-04-17 00:26:23.831976_41,Rap,House of Pain,Jump Around,610387,https://www.last.fm/music/House+of+Pain/_/Jump+Around
2019-04-17 00:26:24.015629_42,Rap,Black Eyed Peas,My Humps,592908,https://www.last.fm/music/Black+Eyed+Peas/_/My+Humps
2019-04-17 00:26:24.505887_43,Rap,Macklemore & Ryan Lewis,Thrift Shop (feat. Wanz),592542,https://www.last.fm/music/Macklemore+&+Ryan+Lewis/_/Thrift+Shop+(feat.+Wanz)
2019-04-17 00:26:24.874481_44,Rap,Lil' Wayne,A Milli,590262,https://www.last.fm/music/Lil%27+Wayne/_/A+Milli
2019-04-17 00:26:25.049525_45,Rap,Lupe Fiasco,Superstar,407019,https://www.last.fm/music/Lupe+Fiasco/_/Superstar
2019-04-17 00:26:25.218517_46,Rap,Snoop Dogg,Drop It Like It's Hot,580813,https://www.last.fm/music/Snoop+Dogg/_/Drop+It+Like+It%27s+Hot
2019-04-17 00:26:25.377092_47,Rap,Drake,Over,1129375,https://www.last.fm/music/Drake/_/Over
2019-04-17 00:26:25.616465_48,Rap,Wu-Tang Clan,C.R.E.A.M.,574643,https://www.last.fm/music/Wu-Tang+Clan/_/C.R.E.A.M.
2019-04-17 00:26:25.794227_49,Rap,Black Eyed Peas,Meet Me Halfway,571366,https://www.last.fm/music/Black+Eyed+Peas/_/Meet+Me+Halfway
2019-04-17 00:26:26.032813_50,Rap,Eminem,Love The Way You Lie,570607,https://www.last.fm/music/Eminem/_/Love+The+Way+You+Lie
2019-04-17 00:26:26.414692_1,Electronic,MGMT,Kids,1587041,https://www.last.fm/music/MGMT/_/Kids
2019-04-17 00:26:26.578630_2,Electronic,Gorillaz,Feel Good Inc.,1493044,https://www.last.fm/music/Gorillaz/_/Feel+Good+Inc.
2019-04-17 00:26:26.812589_3,Electronic,Lady Gaga,Poker Face,1443981,https://www.last.fm/music/Lady+Gaga/_/Poker+Face
2019-04-17 00:26:26.973684_4,Electronic,MGMT,Electric Feel,1407081,https://www.last.fm/music/MGMT/_/Electric+Feel
2019-04-17 00:26:27.135096_5,Electronic,MGMT,Time to Pretend,1401754,https://www.last.fm/music/MGMT/_/Time+to+Pretend
2019-04-17 00:26:27.301255_6,Electronic,Kanye West,Stronger,1362543,https://www.last.fm/music/Kanye+West/_/Stronger
2019-04-17 00:26:27.470102_7,Electronic,Radiohead,Paranoid Android,1341255,https://www.last.fm/music/Radiohead/_/Paranoid+Android
2019-04-17 00:26:27.647499_8,Electronic,Ke$ha,TiK ToK,1329947,https://www.last.fm/music/Ke$ha/_/TiK+ToK
2019-04-17 00:26:27.810067_9,Electronic,Massive Attack,Teardrop,1304746,https://www.last.fm/music/Massive+Attack/_/Teardrop
2019-04-17 00:26:28.056902_10,Electronic,Gorillaz,Clint Eastwood,1234014,https://www.last.fm/music/Gorillaz/_/Clint+Eastwood
2019-04-17 00:26:28.364010_11,Electronic,Daft Punk,"Harder Better Faster Stronger",1231668,"https://www.last.fm/music/Daft+Punk/_/Harder,+Better,+Faster,+Stronger"
2019-04-17 00:26:28.534466_12,Electronic,Daft Punk,One More Time,1180042,https://www.last.fm/music/Daft+Punk/_/One+More+Time
2019-04-17 00:26:28.704448_13,Electronic,M.I.A.,Paper Planes,1143835,https://www.last.fm/music/M.I.A./_/Paper+Planes
2019-04-17 00:26:28.876478_14,Electronic,Lady Gaga,Bad Romance,1140580,https://www.last.fm/music/Lady+Gaga/_/Bad+Romance
2019-04-17 00:26:29.045565_15,Electronic,The Postal Service,Such Great Heights,1117928,https://www.last.fm/music/The+Postal+Service/_/Such+Great+Heights
2019-04-17 00:26:29.206420_16,Electronic,The xx,Intro,1095857,https://www.last.fm/music/The+xx/_/Intro
2019-04-17 00:26:29.434263_17,Electronic,Lady Gaga,Paparazzi,1068997,https://www.last.fm/music/Lady+Gaga/_/Paparazzi
2019-04-17 00:26:29.668195_18,Electronic,Gorillaz,DARE,1049957,https://www.last.fm/music/Gorillaz/_/DARE
2019-04-17 00:26:29.904558_19,Electronic,Gotye,Somebody That I Used To Know,1039878,https://www.last.fm/music/Gotye/_/Somebody+That+I+Used+To+Know
2019-04-17 00:26:30.062735_20,Electronic,Lady Gaga,Just Dance,1032046,https://www.last.fm/music/Lady+Gaga/_/Just+Dance
2019-04-17 00:26:30.305260_21,Electronic,The xx,Crystalised,992765,https://www.last.fm/music/The+xx/_/Crystalised
2019-04-17 00:26:30.609511_22,Electronic,Black Eyed Peas,I Gotta Feeling,988396,https://www.last.fm/music/Black+Eyed+Peas/_/I+Gotta+Feeling
2019-04-17 00:26:30.838485_23,Electronic,Radiohead,Everything in Its Right Place,987830,https://www.last.fm/music/Radiohead/_/Everything+in+Its+Right+Place
2019-04-17 00:26:31.000858_24,Electronic,M83,Midnight City,973503,https://www.last.fm/music/M83/_/Midnight+City
2019-04-17 00:26:31.165529_25,Electronic,Radiohead,Airbag,961723,https://www.last.fm/music/Radiohead/_/Airbag
2019-04-17 00:26:31.328096_26,Electronic,Radiohead,15 Step,959015,https://www.last.fm/music/Radiohead/_/15+Step
2019-04-17 00:26:31.513430_27,Electronic,Radiohead,All I Need,945316,https://www.last.fm/music/Radiohead/_/All+I+Need
2019-04-17 00:26:31.823535_28,Electronic,Phoenix,1901,935612,https://www.last.fm/music/Phoenix/_/1901
2019-04-17 00:26:31.986205_29,Electronic,The xx,Islands,914078,https://www.last.fm/music/The+xx/_/Islands
2019-04-17 00:26:32.312005_30,Electronic,The Killers,Human,911111,https://www.last.fm/music/The+Killers/_/Human
2019-04-17 00:26:32.483924_31,Electronic,Radiohead,Reckoner,910383,https://www.last.fm/music/Radiohead/_/Reckoner
2019-04-17 00:26:32.654469_32,Electronic,The xx,VCR,909591,https://www.last.fm/music/The+xx/_/VCR
2019-04-17 00:26:32.822021_33,Electronic,Daft Punk,Around the World,906625,https://www.last.fm/music/Daft+Punk/_/Around+the+World
2019-04-17 00:26:32.976608_34,Electronic,Radiohead,Bodysnatchers,902487,https://www.last.fm/music/Radiohead/_/Bodysnatchers
2019-04-17 00:26:33.270339_35,Electronic,Massive Attack,Angel,696933,https://www.last.fm/music/Massive+Attack/_/Angel
2019-04-17 00:26:33.429283_36,Electronic,Depeche Mode,Enjoy the Silence,890443,https://www.last.fm/music/Depeche+Mode/_/Enjoy+the+Silence
2019-04-17 00:26:33.588937_37,Electronic,Phoenix,Lisztomania,887610,https://www.last.fm/music/Phoenix/_/Lisztomania
2019-04-17 00:26:33.766540_38,Electronic,Two Door Cinema Club,What You Know,879453,https://www.last.fm/music/Two+Door+Cinema+Club/_/What+You+Know
2019-04-17 00:26:33.924992_39,Electronic,Moby,Porcelain,877054,https://www.last.fm/music/Moby/_/Porcelain
2019-04-17 00:26:34.161854_40,Electronic,Radiohead,Jigsaw Falling Into Place,874692,https://www.last.fm/music/Radiohead/_/Jigsaw+Falling+Into+Place
2019-04-17 00:26:34.475585_41,Electronic,MGMT,Weekend Wars,866717,https://www.last.fm/music/MGMT/_/Weekend+Wars
2019-04-17 00:26:34.639348_42,Electronic,Portishead,Glory Box,865753,https://www.last.fm/music/Portishead/_/Glory+Box
2019-04-17 00:26:34.806470_43,Electronic,Radiohead,House of Cards,862190,https://www.last.fm/music/Radiohead/_/House+of+Cards
2019-04-17 00:26:34.964082_44,Electronic,Radiohead,Idioteque,858438,https://www.last.fm/music/Radiohead/_/Idioteque
2019-04-17 00:26:35.129964_45,Electronic,Radiohead,Subterranean Homesick Alien,855921,https://www.last.fm/music/Radiohead/_/Subterranean+Homesick+Alien
2019-04-17 00:26:35.291468_46,Electronic,Passion Pit,Sleepyhead,848153,https://www.last.fm/music/Passion+Pit/_/Sleepyhead
2019-04-17 00:26:35.552992_47,Electronic,Lady Gaga,LoveGame,846496,https://www.last.fm/music/Lady+Gaga/_/LoveGame
2019-04-17 00:26:35.717832_48,Electronic,Radiohead,Nude,846464,https://www.last.fm/music/Radiohead/_/Nude
2019-04-17 00:26:36.031170_49,Electronic,Lorde,Royals,839275,https://www.last.fm/music/Lorde/_/Royals
2019-04-17 00:26:36.200047_50,Electronic,Lady Gaga,Alejandro,838224,https://www.last.fm/music/Lady+Gaga/_/Alejandro
2019-04-17 00:26:36.523042_1,Soul,Adele,Rolling in the Deep,1252856,https://www.last.fm/music/Adele/_/Rolling+in+the+Deep
2019-04-17 00:26:36.759338_2,Soul,Amy Winehouse,Rehab,1181382,https://www.last.fm/music/Amy+Winehouse/_/Rehab
2019-04-17 00:26:37.058299_3,Soul,Amy Winehouse,Back to Black,1162709,https://www.last.fm/music/Amy+Winehouse/_/Back+to+Black
2019-04-17 00:26:37.356171_4,Soul,Gnarls Barkley,Crazy,1109377,https://www.last.fm/music/Gnarls+Barkley/_/Crazy
2019-04-17 00:26:37.659141_5,Soul,Amy Winehouse,You Know I'm No Good,1041174,https://www.last.fm/music/Amy+Winehouse/_/You+Know+I%27m+No+Good
2019-04-17 00:26:37.819863_6,Soul,Adele,Someone Like You,995757,https://www.last.fm/music/Adele/_/Someone+Like+You
2019-04-17 00:26:37.981899_7,Soul,Beyoncé,Halo,967663,https://www.last.fm/music/Beyonc%C3%A9/_/Halo
2019-04-17 00:26:38.139489_8,Soul,Florence + the Machine,You've Got the Love,910782,https://www.last.fm/music/Florence+%252B+the+Machine/_/You%27ve+Got+the+Love
2019-04-17 00:26:38.435574_9,Soul,Adele,Set Fire to the Rain,869051,https://www.last.fm/music/Adele/_/Set+Fire+to+the+Rain
2019-04-17 00:26:38.747626_10,Soul,Amy Winehouse,Tears Dry on Their Own,855965,https://www.last.fm/music/Amy+Winehouse/_/Tears+Dry+on+Their+Own
2019-04-17 00:26:38.907065_11,Soul,Leona Lewis,Bleeding Love,830056,https://www.last.fm/music/Leona+Lewis/_/Bleeding+Love
2019-04-17 00:26:39.063338_12,Soul,Beyoncé,Irreplaceable,811687,https://www.last.fm/music/Beyonc%C3%A9/_/Irreplaceable
2019-04-17 00:26:39.225065_13,Soul,Adele,Chasing Pavements,809768,https://www.last.fm/music/Adele/_/Chasing+Pavements
2019-04-17 00:26:39.418409_14,Soul,The Jackson 5,I Want You Back,806298,https://www.last.fm/music/The+Jackson+5/_/I+Want+You+Back
2019-04-17 00:26:39.585321_15,Soul,Amy Winehouse,Love Is a Losing Game,768447,https://www.last.fm/music/Amy+Winehouse/_/Love+Is+a+Losing+Game
2019-04-17 00:26:39.756400_16,Soul,Duffy,Mercy,756712,https://www.last.fm/music/Duffy/_/Mercy
2019-04-17 00:26:39.982226_17,Soul,Beyoncé,Crazy in Love,736831,https://www.last.fm/music/Beyonc%C3%A9/_/Crazy+in+Love
2019-04-17 00:26:40.283189_18,Soul,Lana Del Rey,Blue Jeans,735948,https://www.last.fm/music/Lana+Del+Rey/_/Blue+Jeans
2019-04-17 00:26:40.448007_19,Soul,Aretha Franklin,Respect,734443,https://www.last.fm/music/Aretha+Franklin/_/Respect
2019-04-17 00:26:40.669050_20,Soul,Stevie Wonder,Superstition,712142,https://www.last.fm/music/Stevie+Wonder/_/Superstition
2019-04-17 00:26:40.897447_21,Soul,Adele,Make You Feel My Love,708897,https://www.last.fm/music/Adele/_/Make+You+Feel+My+Love
2019-04-17 00:26:41.072292_22,Soul,Al Green,Let's Stay Together,686435,https://www.last.fm/music/Al+Green/_/Let%27s+Stay+Together
2019-04-17 00:26:41.294777_23,Soul,Rihanna,Unfaithful,674469,https://www.last.fm/music/Rihanna/_/Unfaithful
2019-04-17 00:26:41.456342_24,Soul,Bill Withers,Ain't No Sunshine,671444,https://www.last.fm/music/Bill+Withers/_/Ain%27t+No+Sunshine
2019-04-17 00:26:41.620902_25,Soul,Hozier,Take Me to Church,662988,https://www.last.fm/music/Hozier/_/Take+Me+to+Church
2019-04-17 00:26:41.781691_26,Soul,"Earth, Wind & Fire",September,661565,"https://www.last.fm/music/Earth,+Wind+&+Fire/_/September"
2019-04-17 00:26:42.012073_27,Soul,Beyoncé,If I Were a Boy,653893,https://www.last.fm/music/Beyonc%C3%A9/_/If+I+Were+a+Boy
2019-04-17 00:26:42.234899_28,Soul,Amy Winehouse,Just Friends,649969,https://www.last.fm/music/Amy+Winehouse/_/Just+Friends
2019-04-17 00:26:42.394591_29,Soul,Alicia Keys,No One,1087455,https://www.last.fm/music/Alicia+Keys/_/No+One
2019-04-17 00:26:42.572125_30,Soul,Ray Charles,Hit the Road Jack,644023,https://www.last.fm/music/Ray+Charles/_/Hit+the+Road+Jack
2019-04-17 00:26:42.739751_31,Soul,Amy Winehouse,Wake Up Alone,642295,https://www.last.fm/music/Amy+Winehouse/_/Wake+Up+Alone
2019-04-17 00:26:42.912918_32,Soul,John Mayer,Waiting on the World to Change,641943,https://www.last.fm/music/John+Mayer/_/Waiting+on+the+World+to+Change
2019-04-17 00:26:43.150741_33,Soul,Adele,Rumour Has It,635272,https://www.last.fm/music/Adele/_/Rumour+Has+It
2019-04-17 00:26:43.382812_34,Soul,Dusty Springfield,Son of a Preacher Man,626939,https://www.last.fm/music/Dusty+Springfield/_/Son+of+a+Preacher+Man
2019-04-17 00:26:43.555628_35,Soul,Corinne Bailey Rae,Put Your Records On,626921,https://www.last.fm/music/Corinne+Bailey+Rae/_/Put+Your+Records+On
2019-04-17 00:26:43.718309_36,Soul,Amy Winehouse,He Can Only Hold Her,624751,https://www.last.fm/music/Amy+Winehouse/_/He+Can+Only+Hold+Her
2019-04-17 00:26:43.908994_37,Soul,Nina Simone,Feeling Good,794026,https://www.last.fm/music/Nina+Simone/_/Feeling+Good
2019-04-17 00:26:44.076474_38,Soul,Mario,Let Me Love You,226823,https://www.last.fm/music/Mario/_/Let+Me+Love+You
2019-04-17 00:26:44.384558_39,Soul,Amy Winehouse,Some Unholy War,603783,https://www.last.fm/music/Amy+Winehouse/_/Some+Unholy+War
2019-04-17 00:26:44.695406_40,Soul,Pharrell Williams,Happy,600939,https://www.last.fm/music/Pharrell+Williams/_/Happy
2019-04-17 00:26:44.860992_41,Soul,The Temptations,My Girl,536538,https://www.last.fm/music/The+Temptations/_/My+Girl
2019-04-17 00:26:45.015903_42,Soul,The Jackson 5,ABC,595607,https://www.last.fm/music/The+Jackson+5/_/ABC
2019-04-17 00:26:45.178190_43,Soul,Ben E. King,Stand By Me,594028,https://www.last.fm/music/Ben+E.+King/_/Stand+By+Me
2019-04-17 00:26:45.350728_44,Soul,Justin Timberlake,Rock Your Body,585857,https://www.last.fm/music/Justin+Timberlake/_/Rock+Your+Body
2019-04-17 00:26:45.601058_45,Soul,Frank Ocean,Thinkin Bout You,584635,https://www.last.fm/music/Frank+Ocean/_/Thinkin+Bout+You
2019-04-17 00:26:45.787570_46,Soul,Christina Aguilera,Beautiful,989668,https://www.last.fm/music/Christina+Aguilera/_/Beautiful
2019-04-17 00:26:45.946135_47,Soul,Adele,Hometown Glory,574284,https://www.last.fm/music/Adele/_/Hometown+Glory
2019-04-17 00:26:46.108613_48,Soul,Alicia Keys,Fallin',37797,https://www.last.fm/music/Alicia+Keys/_/Fallin%27
2019-04-17 00:26:46.337107_49,Soul,Otis Redding,(Sittin' On) The Dock of the Bay,10313,https://www.last.fm/music/Otis+Redding/_/(Sittin%27+On)+The+Dock+of+the+Bay
2019-04-17 00:26:46.505751_50,Soul,Michael Jackson,Man in the Mirror,566088,https://www.last.fm/music/Michael+Jackson/_/Man+in+the+Mirror
2019-04-17 00:26:47.078666_1,Metal,System of a Down,Chop Suey!,1503958,https://www.last.fm/music/System+of+a+Down/_/Chop+Suey%21
2019-04-17 00:26:47.239683_2,Metal,Linkin Park,In the End,1410919,https://www.last.fm/music/Linkin+Park/_/In+the+End
2019-04-17 00:26:47.468013_3,Metal,Linkin Park,Numb,1274345,https://www.last.fm/music/Linkin+Park/_/Numb
2019-04-17 00:26:47.710105_4,Metal,Guns N' Roses,Welcome to the Jungle,1249992,https://www.last.fm/music/Guns+N%27+Roses/_/Welcome+to+the+Jungle
2019-04-17 00:26:47.868717_5,Metal,Rage Against the Machine,Killing in the Name,1227767,https://www.last.fm/music/Rage+Against+the+Machine/_/Killing+in+the+Name
2019-04-17 00:26:48.108733_6,Metal,Black Sabbath,Paranoid,1341255,https://www.last.fm/music/Black+Sabbath/_/Paranoid
2019-04-17 00:26:48.263175_7,Metal,System of a Down,Toxicity,1165886,https://www.last.fm/music/System+of+a+Down/_/Toxicity
2019-04-17 00:26:48.422810_8,Metal,Metallica,Enter Sandman,1114497,https://www.last.fm/music/Metallica/_/Enter+Sandman
2019-04-17 00:26:48.713772_9,Metal,Guns N' Roses,Paradise City,1108792,https://www.last.fm/music/Guns+N%27+Roses/_/Paradise+City
2019-04-17 00:26:48.940415_10,Metal,Evanescence,Bring Me to Life,1105179,https://www.last.fm/music/Evanescence/_/Bring+Me+to+Life
2019-04-17 00:26:49.105973_11,Metal,AC/DC,Back in Black,1104866,https://www.last.fm/music/AC%2FDC/_/Back+in+Black
2019-04-17 00:26:49.276525_12,Metal,Metallica,Nothing Else Matters,1101671,https://www.last.fm/music/Metallica/_/Nothing+Else+Matters
2019-04-17 00:26:49.509914_13,Metal,AC/DC,Highway to Hell,1015307,https://www.last.fm/music/AC%2FDC/_/Highway+to+Hell
2019-04-17 00:26:49.678636_14,Metal,Linkin Park,Faint,1011929,https://www.last.fm/music/Linkin+Park/_/Faint
2019-04-17 00:26:49.831491_15,Metal,System of a Down,Lonely Day,1006340,https://www.last.fm/music/System+of+a+Down/_/Lonely+Day
2019-04-17 00:26:49.992293_16,Metal,Linkin Park,One Step Closer,986296,https://www.last.fm/music/Linkin+Park/_/One+Step+Closer
2019-04-17 00:26:50.165836_17,Metal,Three Days Grace,I Hate Everything About You,981638,https://www.last.fm/music/Three+Days+Grace/_/I+Hate+Everything+About+You
2019-04-17 00:26:50.396254_18,Metal,Linkin Park,What I've Done,961829,https://www.last.fm/music/Linkin+Park/_/What+I%27ve+Done
2019-04-17 00:26:50.558820_19,Metal,System of a Down,B.Y.O.B.,958214,https://www.last.fm/music/System+of+a+Down/_/B.Y.O.B.
2019-04-17 00:26:50.732142_20,Metal,System of a Down,Aerials,939222,https://www.last.fm/music/System+of+a+Down/_/Aerials
2019-04-17 00:26:50.890716_21,Metal,Motörhead,Ace of Spades,937964,https://www.last.fm/music/Mot%C3%B6rhead/_/Ace+of+Spades
2019-04-17 00:26:51.040709_22,Metal,Evanescence,My Immortal,930559,https://www.last.fm/music/Evanescence/_/My+Immortal
2019-04-17 00:26:51.207685_23,Metal,Linkin Park,Crawling,927935,https://www.last.fm/music/Linkin+Park/_/Crawling
2019-04-17 00:26:51.373020_24,Metal,Linkin Park,Breaking the Habit,900003,https://www.last.fm/music/Linkin+Park/_/Breaking+the+Habit
2019-04-17 00:26:51.539345_25,Metal,Black Sabbath,Iron Man,891177,https://www.last.fm/music/Black+Sabbath/_/Iron+Man
2019-04-17 00:26:51.701911_26,Metal,Papa Roach,Last Resort,890972,https://www.last.fm/music/Papa+Roach/_/Last+Resort
2019-04-17 00:26:52.000095_27,Metal,Linkin Park,Somewhere I Belong,890132,https://www.last.fm/music/Linkin+Park/_/Somewhere+I+Belong
2019-04-17 00:26:52.324350_28,Metal,Disturbed,Down With the Sickness,885510,https://www.last.fm/music/Disturbed/_/Down+With+the+Sickness
2019-04-17 00:26:52.487029_29,Metal,Korn,Freak on a Leash,877821,https://www.last.fm/music/Korn/_/Freak+on+a+Leash
2019-04-17 00:26:52.790921_30,Metal,Metallica,Master of Puppets,863716,https://www.last.fm/music/Metallica/_/Master+of+Puppets
2019-04-17 00:26:52.959305_31,Metal,Rage Against the Machine,Bulls on Parade,849826,https://www.last.fm/music/Rage+Against+the+Machine/_/Bulls+on+Parade
2019-04-17 00:26:53.113919_32,Metal,Metallica,One,1180042,https://www.last.fm/music/Metallica/_/One
2019-04-17 00:26:53.422020_33,Metal,Linkin Park,Papercut,842280,https://www.last.fm/music/Linkin+Park/_/Papercut
2019-04-17 00:26:53.580719_34,Metal,AC/DC,You Shook Me All Night Long,827025,https://www.last.fm/music/AC%2FDC/_/You+Shook+Me+All+Night+Long
2019-04-17 00:26:53.802885_35,Metal,Limp Bizkit,Behind Blue Eyes,815633,https://www.last.fm/music/Limp+Bizkit/_/Behind+Blue+Eyes
2019-04-17 00:26:53.971990_36,Metal,Slipknot,Wait and Bleed,813670,https://www.last.fm/music/Slipknot/_/Wait+and+Bleed
2019-04-17 00:26:54.137541_37,Metal,Metallica,The Unforgiven,806100,https://www.last.fm/music/Metallica/_/The+Unforgiven
2019-04-17 00:26:54.296595_38,Metal,Linkin Park,Bleed It Out,802632,https://www.last.fm/music/Linkin+Park/_/Bleed+It+Out
2019-04-17 00:26:54.456817_39,Metal,Slipknot,Before I Forget,779524,https://www.last.fm/music/Slipknot/_/Before+I+Forget
2019-04-17 00:26:54.708157_40,Metal,Guns N' Roses,Knockin' on Heaven's Door,6055,https://www.last.fm/music/Guns+N%27+Roses/_/Knockin%27+on+Heaven%27s+Door
2019-04-17 00:26:54.875051_41,Metal,Three Days Grace,Animal I Have Become,760536,https://www.last.fm/music/Three+Days+Grace/_/Animal+I+Have+Become
2019-04-17 00:26:55.174034_42,Metal,Evanescence,Going Under,754758,https://www.last.fm/music/Evanescence/_/Going+Under
2019-04-17 00:26:55.470003_43,Metal,AC/DC,Thunderstruck,751806,https://www.last.fm/music/AC%2FDC/_/Thunderstruck
2019-04-17 00:26:55.760681_44,Metal,Linkin Park,Leave Out All the Rest,751342,https://www.last.fm/music/Linkin+Park/_/Leave+Out+All+the+Rest
2019-04-17 00:26:55.923822_45,Metal,Rage Against the Machine,Guerrilla Radio,745679,https://www.last.fm/music/Rage+Against+the+Machine/_/Guerrilla+Radio
2019-04-17 00:26:56.133305_46,Metal,System of a Down,Hypnotize,742189,https://www.last.fm/music/System+of+a+Down/_/Hypnotize
2019-04-17 00:26:56.373867_47,Metal,Rage Against the Machine,Bombtrack,725496,https://www.last.fm/music/Rage+Against+the+Machine/_/Bombtrack
2019-04-17 00:26:56.533475_48,Metal,Rage Against the Machine,Wake Up,663357,https://www.last.fm/music/Rage+Against+the+Machine/_/Wake+Up
2019-04-17 00:26:56.690628_49,Metal,Bullet for My Valentine,Tears Don't Fall,713258,https://www.last.fm/music/Bullet+for+My+Valentine/_/Tears+Don%27t+Fall
2019-04-17 00:26:56.851671_50,Metal,Drowning Pool,Bodies,710796,https://www.last.fm/music/Drowning+Pool/_/Bodies
